ltable_id,rtable_id
9658,7865
8608,7296
8484,8026
5687,4453
10531,9696
8210,6826
4186,3432
8525,6564
4847,4617
9728,9156
9660,7360
8316,6342
9639,6832
7711,6440
10421,9853
10261,9081
9886,7769
4926,1740
7065,6232
841,299
9957,7634
9543,7910
4508,2631
6462,6149
7030,6719
5157,1994
3619,1195
10527,6661
10485,10147
5313,2124
10649,6939
3719,1083
10642,8978
4488,4150
9508,8859
10536,6396
9526,6524
8335,6050
10377,7067
9610,7787
9288,6057
3749,3233
648,616
10338,9378
10562,10050
7520,6847
9878,8303
4914,1375
7637,7162
6857,6789
9127,6839
10165,8911
6935,6090
9540,7095
4004,1521
8851,6510
5659,1800
8804,6665
7021,6096
10018,8598
4627,1087
10351,9956
9491,8228
10398,9917
9816,8915
10127,6851
8752,6455
4797,1971
4334,3894
4824,2294
8591,6291
8883,6698
8468,7071
9261,6423
7446,6135
8957,7666
7696,6154
5760,2112
10545,8988
9970,6796
7319,6545
8985,8593
9367,8352
10306,9866
9230,6016
9976,7100
8662,7463
8698,8310
851,585
7258,7136
10218,9457
10747,10487
9873,6031
3466,2583
8649,6138
8338,7515
10185,9714
5760,4454
8667,6799
10923,10904
3521,3038
659,188
8488,6264
10890,8009
10610,7275
9021,8290
10269,6265
9247,8025
9679,8040
10176,9631
4623,3780
5786,4209
9540,8653
10598,8998
10084,9453
7791,6242
7288,7159
9063,8170
7740,7254
10727,7931
10076,7798
8234,6386
10219,9447
9161,7683
10744,7380
10098,6393
5195,4003
8389,6524
7209,6789
10698,10111
4661,4659
9792,9453
5482,1489
9982,6690
1188,1061
10153,8761
7969,7111
10524,6267
3654,2841
10697,6172
10496,9753
9417,6385
8156,6171
3749,2018
8569,6706
4157,3915
8034,7686
503,93
7340,7241
10815,10711
8700,6848
8818,7085
10528,9449
8408,6868
2631,2264
8752,7973
8026,6554
7721,6344
9262,6199
7954,7626
6970,6794
7605,6476
10557,7143
3354,2204
9882,6834
754,11
9184,7757
10332,8675
10943,10530
5099,1866
9955,7077
9931,7036
5143,4807
10567,7749
1950,1393
8445,6472
10491,7594
8847,7802
8564,7095
10436,6143
10924,7474
9815,8231
7273,6998
9243,8167
5567,1991
10979,10741
10022,6344
10848,7366
7737,7009
2005,1943
4761,1407
7694,7393
9253,7267
6590,6104
9324,6304
10001,6980
1890,1836
9526,8910
10465,6954
4419,3994
10227,7206
9891,6655
5776,2849
2512,2145
10476,8505
10563,6019
10424,9685
8993,6057
5343,4730
8391,6636
4008,2667
3555,2999
6633,6302
309,137
9860,7702
8897,6528
10030,8230
800,245
8381,6848
10506,6230
10718,8686
6047,6036
8593,7151
10954,6068
9254,7523
10395,9339
9313,8033
10005,7951
10160,8597
5700,2999
10302,8126
3619,2459
10904,9095
9742,7706
7899,7054
926,555
10028,8306
7001,6483
8756,8738
2787,1885
5277,1043
980,593
3512,3456
9320,7842
897,69
3760,3218
4576,3493
5891,4003
566,247
7645,6135
9835,7241
7545,7415
10559,8001
6870,6848
8023,6998
5774,2258
10827,7799
9212,8509
4840,3084
8422,7366
2754,1868
7507,7144
10509,6957
10034,9909
9424,8668
4561,1701
7269,6220
9879,7112
8294,7716
3640,1465
4076,1402
9877,8508
7530,7469
2250,1979
9126,8370
8098,6361
8656,7065
2408,1160
8259,7581
3973,1812
9517,8664
6869,6699
2957,2932
5623,1497
8446,8329
10705,10462
8383,8236
3585,2205
10465,6667
4508,2997
8118,6805
5475,2688
5933,1672
10324,10235
8796,6810
8867,8797
10526,8454
9658,6893
10508,6733
10022,9987
5113,3653
9656,9120
8409,8185
9600,6682
7794,6193
10402,8043
10753,9999
7955,6910
938,825
8413,6413
10839,10374
9830,6159
5650,2232
8537,8094
151,7
9934,9749
8483,8259
9314,7890
5238,4419
10392,7604
8596,6918
10979,10525
4451,3342
8721,7608
9561,8876
7359,6699
9495,7078
8152,6414
3088,1370
5363,1773
6562,6325
5273,2606
10599,7233
9888,8816
10707,9901
10965,7515
10946,7377
10996,8426
9893,8237
10236,6833
10261,8159
9343,7531
9401,9218
10474,8833
8337,7100
10902,10879
10564,7785
7576,6818
10611,8766
10449,6963
9849,7037
632,224
10102,8702
5540,5123
8676,8475
10677,8637
4681,2706
8402,6769
5561,1922
8315,8289
7832,6097
5916,2103
4295,1816
10165,8658
7785,7736
10455,6525
10581,9833
4696,1491
9813,9269
10126,9445
9979,7594
9560,8756
10671,9289
5891,4749
9013,6611
7531,7003
4574,2876
10635,8096
3784,3059
10088,9811
1649,1051
4501,2062
9725,9390
7922,7341
6843,6527
3805,2001
7541,6970
9024,8185
1564,1438
10165,9512
8265,6588
9989,6865
7809,6077
9230,8815
7638,6665
1578,1333
7943,6696
9045,8179
8574,6554
8593,6771
4436,2183
2977,2610
9414,6612
9384,6896
5153,2232
6751,6161
9832,6186
2207,1481
828,590
10854,8025
7488,6161
8551,7467
10690,8370
4896,2578
9806,9604
4096,3245
628,470
10756,9985
10317,10304
2972,2886
10977,6831
7784,7013
8540,8014
9240,8686
8393,6668
10532,8938
383,61
10280,9026
5500,4876
2972,1555
9899,8966
5988,4793
8049,7196
8428,6963
10937,9720
10169,6685
8268,6456
9366,7640
4342,2489
10780,10537
422,205
8857,7498
191,64
10614,8239
8188,6128
834,276
697,329
9274,7737
10246,9986
9377,6572
5962,1018
8966,8776
9435,7920
9729,7525
9342,6225
5924,3112
3956,1301
7475,6541
9530,8973
10948,6515
4848,4035
7395,7380
10420,7558
10417,8284
10964,8455
2271,1492
663,85
6846,6594
8909,6337
10115,7552
8980,6791
10157,9143
8512,8485
10163,7280
8716,8081
7934,6448
7055,6506
9783,9651
10454,6551
426,179
9258,8680
10643,10577
4777,3470
10058,9802
10916,9490
8447,6925
7972,6697
10692,6832
4775,2423
9763,6002
6511,6362
7724,6306
4506,4163
10596,6716
8654,7865
10867,7174
9628,7326
10076,6655
10240,7625
765,493
7173,6485
10759,7450
9802,8675
8636,6355
7989,6286
4529,1381
4955,4575
9941,7272
9496,7603
2232,1114
7851,7020
824,220
7310,6451
10786,8572
10782,8180
4074,1187
10169,8940
7567,7290
298,282
5504,2172
10947,9874
4465,1222
9985,9768
10774,6660
6862,6747
222,107
9189,8348
5446,2602
409,302
9811,7683
3585,1333
3997,1087
10119,8596
978,844
10523,8615
10646,9689
10692,9366
7211,6821
7730,7665
9107,8035
3164,2358
8825,6952
4159,3607
9403,8259
10867,6730
4310,1002
10379,10359
8588,7172
2972,2683
8326,6997
6961,6183
3866,3029
9287,6345
7148,7076
4623,2207
7093,6488
845,146
9028,6127
10431,7268
5862,2591
10893,8437
5783,5229
9776,7107
7186,6461
8803,7919
9262,6743
5157,3120
5722,4509
2510,2202
10098,9989
7880,6348
9571,8206
2145,1142
9413,7246
10868,6338
5862,4130
8618,8172
7013,6299
10462,9898
7461,6208
9781,7845
9207,7706
8335,6227
2886,2683
10404,8736
9425,6904
9748,8864
9327,9269
10153,9544
7757,6794
10795,6105
10867,10719
7368,6035
9722,7587
8479,7943
10701,7291
9459,6706
10799,8914
6919,6321
5395,1142
72,43
2668,1276
9284,6176
9817,9323
10473,10004
3494,3021
7772,6618
7784,6299
8625,6904
5605,3228
8662,7420
10164,7661
10427,8008
964,111
8871,6226
7827,6764
10067,9741
5325,4335
8900,7397
3357,3192
9737,8333
8256,6329
8797,8393
8577,6157
7901,7667
8611,8193
10601,8003
8416,8034
10960,6921
8270,7885
4171,3276
8581,7664
10266,7384
8388,6550
9080,7179
7210,6983
9413,7688
407,375
8439,7716
9536,9467
10380,7530
5545,4100
10646,9534
882,801
10212,10099
8505,8292
5763,1195
3709,2553
707,646
10693,10267
10956,7592
10208,7170
10958,9693
4800,2536
9377,7923
10745,9424
9758,8228
5941,4896
9636,8544
9075,9039
10233,6746
8564,7814
10431,10001
8232,6812
8313,7765
10939,8764
10832,6140
8567,7179
1984,1338
5379,3972
8377,8317
6803,6369
2650,1991
9580,6138
9603,7888
9449,9218
8336,6861
3512,1752
5535,5214
4146,2787
9931,7651
10128,6952
8190,6910
10512,8597
10345,10099
8970,7528
3233,2059
5765,2550
9884,6806
9143,8070
10538,8354
10324,8092
10957,6569
5654,3147
10928,10067
10868,10440
10124,7203
3593,1425
4419,4335
8095,6886
10694,8079
10667,10267
9588,6576
9593,9459
5200,4486
9339,9094
9922,9503
9284,8930
8651,8066
10964,9838
5818,3227
8588,6883
8211,7876
7388,7018
10828,8606
10575,10517
5825,3852
10899,8399
1428,1424
7343,6418
10949,9419
10512,9338
1471,1374
10096,7301
10629,10618
8864,6957
8777,6581
3166,3136
9052,7629
9297,6104
8559,7922
2017,2005
9602,7688
10206,7245
1564,1251
10066,7860
7138,6873
9387,6669
7784,7288
5964,3247
5859,2762
810,320
5194,2545
5379,4220
9210,8970
10637,6884
10644,9927
9131,7642
9331,7206
7108,6597
8390,6604
4348,1138
2806,1856
1979,1412
8661,6670
8994,6456
10645,9515
7541,6578
9231,6484
9798,8436
10973,8500
9415,8640
9583,8643
813,400
5963,2172
653,272
10240,7366
4095,1576
10627,8446
4916,3929
5924,2809
10747,9016
9448,6407
485,268
8757,7742
927,14
7289,6459
9644,7489
7927,6226
10509,9209
2800,1907
9789,9309
8766,6441
10493,6502
9391,8821
7563,6428
7435,7015
4840,1672
1716,1028
10261,9474
9684,6152
10091,8689
10284,6132
5382,2294
7917,7670
7965,6153
8540,7705
3599,2154
998,353
9824,6474
10438,8866
8167,6675
10650,9028
9609,8445
8882,6393
10881,7638
5807,4548
8799,7642
9312,7180
8934,7689
5893,5173
4391,3800
10412,9429
10490,8749
7268,6980
10095,9457
8126,6966
10996,8161
10998,10483
10498,8525
10677,8273
7653,6986
9935,9289
7516,7272
10572,7649
5349,5318
3870,3592
1311,1292
869,758
9197,7631
8833,8051
9933,9135
2485,1560
10213,9545
9941,9926
6032,6031
9791,7703
7222,6339
951,275
10067,8201
5727,2079
4095,1207
8158,7555
8719,6625
8954,7879
10996,8400
9794,7409
4175,4088
10934,7712
832,494
5662,4479
3345,3084
7982,6596
4495,3045
2997,2264
8886,7532
9209,6957
6922,6903
4540,2005
5007,2583
8189,6330
2311,1564
10268,6516
8183,7015
8378,8049
9690,6805
5718,2373
5948,2789
3872,2817
1753,1188
9728,7664
874,724
8541,7372
7305,6657
10381,6187
8442,6311
3282,3227
5148,4941
10066,7722
10224,8033
6796,6745
10924,10675
2978,1028
9552,7535
10187,8009
9901,6297
10088,9161
10909,7639
10664,10174
4571,1497
4250,3550
5335,3772
8447,7667
10421,6099
3805,2318
10873,7855
9038,7278
10048,9285
8756,8216
9838,9116
10073,9660
8776,7559
5610,3747
9590,8564
473,324
8935,6203
8867,6704
7834,7823
10235,6863
7656,7412
9775,7140
6943,6252
9323,7622
10788,6318
3076,1096
556,388
10852,9773
9477,9075
9028,7474
8254,6710
3192,1187
762,277
8391,7200
6210,6191
8697,6431
6721,6415
10030,8457
10871,6703
9915,8631
9265,6471
7548,6200
7884,7815
4614,4035
9986,9695
10848,8422
10371,7319
8070,7070
2781,1509
10684,9147
8495,6737
9127,8095
10168,8701
2041,1570
6804,6272
10906,6669
9606,7034
6385,6287
8462,7850
8304,7156
8231,7265
5507,4367
8535,6861
10205,9503
586,286
8663,6049
3358,2412
4895,1444
7224,6524
8406,7167
10047,8420
5803,3206
9769,6678
5335,1733
5630,2290
9365,8019
10873,6408
8591,8384
10326,9190
5719,1429
3225,2835
3808,1833
9156,6389
5869,2183
10196,8846
10702,9134
9176,8278
10736,7091
8174,7963
5109,2710
8791,7549
8711,7797
9821,7968
10383,8559
10892,7601
8069,6372
9552,6184
7403,6842
10811,8104
5292,2887
10112,6729
4004,1408
9571,6135
10043,9694
10572,6357
10656,9960
914,419
797,162
3285,2257
7737,6959
4703,2688
459,451
10066,9114
10093,9332
8816,7860
5636,2015
9587,9315
10308,7050
10924,6127
4842,1549
8678,8593
9343,7003
9052,7071
1922,1803
9298,7271
9184,7541
8853,6217
3657,1142
7617,6109
10347,8011
4982,3271
9699,6522
1660,1123
10172,6990
7443,6463
6735,6071
5774,4986
8072,6566
10664,9372
8876,6037
8940,6929
9901,7982
8918,8744
7826,7061
10171,6666
7642,6365
10563,7463
9297,8103
5194,4416
10239,6248
9287,8588
5292,4529
8947,7564
3507,3218
10029,7008
8965,8565
5849,4710
8931,7180
10039,7462
9583,7907
5382,4838
7104,6990
9766,8254
10215,7773
8264,6675
10355,9185
9154,6451
10619,6254
10746,10691
9186,8423
7287,6303
3454,2718
430,342
4148,2414
4157,3804
8325,6573
9632,9578
8678,6771
10035,9037
10940,7804
3840,2102
3578,1163
10148,10137
2020,1715
8816,7722
6396,6117
7772,6367
2749,2123
8212,6747
8537,6892
8696,6955
4840,1152
4547,1204
3529,1235
5543,1750
9250,7545
5133,5050
10443,9951
10844,9773
9026,7045
10383,9928
374,290
5831,3332
2676,2146
9304,8084
8758,7864
10545,9647
9872,7837
2358,2083
10903,9006
8550,8333
7197,6504
10284,9793
10496,7753
8751,8557
5763,2459
10964,10407
10417,6082
9724,7749
9440,6303
10465,8801
8442,6423
4790,3693
10296,8123
8542,6562
787,536
9562,8215
609,307
10856,6945
997,280
10557,9037
10758,9555
8385,7011
10590,7644
8514,6140
6947,6915
10042,8964
10847,10191
10176,7558
925,232
10231,10108
8143,7466
5385,2876
9425,8551
10803,10632
8242,7930
9689,9534
3912,1405
10629,10323
4830,2305
8457,8230
10031,6810
10656,6059
737,168
9098,7169
8787,7935
606,316
6651,6612
9405,8389
9983,7275
9928,7922
10445,10027
9076,7758
898,270
705,505
9000,8763
9171,6016
8406,6341
7191,7019
2382,1574
9085,8511
9096,6358
10916,8377
10295,8587
2517,1492
7741,6459
4453,4398
9578,8994
9405,8910
7958,7241
10197,7752
9305,7493
8790,7164
10742,10652
10020,8666
942,672
10549,8851
8282,7790
9801,6343
9035,7562
5788,4495
8596,6599
4190,2932
10327,8641
8677,6617
10001,7268
8999,8796
10952,8634
8902,6678
6916,6300
10797,8791
8490,7248
3669,1707
999,53
5309,5201
10335,9794
9953,9037
10566,7244
10204,7919
8079,7921
5121,4657
8081,6421
9132,6067
995,642
4371,1482
2311,1438
790,617
5583,3088
9598,8881
10025,8202
9439,8147
8627,6009
9071,7976
7763,6093
4059,2606
78,25
366,328
8247,7472
917,394
398,13
5962,4100
7923,6572
10419,8312
9824,9234
6694,6089
7536,6028
6936,6540
10273,9925
10008,8391
6741,6314
9006,8685
9006,6240
10861,10025
7892,7804
6821,6047
3503,1452
10602,9885
4848,4614
3658,1204
10021,9359
8466,6885
3790,1122
9649,7448
4805,1715
8857,8402
6798,6761
9011,8679
4838,2294
10161,7462
9870,6195
7597,7294
10389,7573
8182,7887
8477,7247
4670,1334
4765,2005
8225,6748
10870,7569
5479,4442
2250,1412
8320,6757
5864,2329
9068,8129
6794,6578
8808,6390
10578,8299
3793,2674
4600,3847
10776,7820
3137,2079
10324,6863
9273,8700
8497,7263
2542,2536
9923,8547
10231,6094
9942,9130
5642,2334
10610,9605
7583,6329
7283,6956
10034,6698
3978,3526
10759,6352
10333,6689
8859,6490
7111,6458
6564,6134
10583,6696
8652,7779
9414,7194
9890,6858
10687,9453
10344,8315
889,417
5128,1049
7831,6074
8632,8033
9430,7880
10982,6665
9502,8868
7450,6352
9387,8739
9031,7977
5148,3331
9334,8392
2272,1909
9386,9088
7275,6528
8744,6682
4476,2570
8624,6972
747,47
10601,10060
10791,8137
856,588
10903,8685
10747,9755
9970,9720
3710,1251
9331,6424
6237,6181
10982,7638
10686,9090
10194,9810
6804,6691
8356,8135
9299,7508
8760,6621
8668,8107
7982,6297
4059,2725
10873,6631
5241,4667
9163,8701
4684,4657
10322,7082
10450,6889
5974,2204
9317,8854
10744,10447
10023,7820
10519,7303
10911,6654
9130,6295
8820,7283
8695,6167
9114,7860
4617,1163
9478,6763
6492,6184
8303,7933
10890,8956
644,141
687,576
2929,1566
9775,7076
9727,6254
10830,10375
3929,2264
9306,6875
7594,7404
9983,9605
9903,7320
10023,7746
9742,9207
7924,7787
9234,6474
5933,1152
3654,2536
7682,6695
9073,6782
10424,7044
7886,6985
5168,2970
4518,2682
7841,6804
10554,6689
10045,7743
9841,7593
9932,6562
9076,7054
10069,6335
9853,6099
9545,9214
9984,9132
10518,6801
3929,2631
4389,2286
9243,8264
9109,6179
10809,7445
4076,2133
9132,7935
9973,7519
8790,6751
9982,9055
5497,4412
10022,7721
10724,6457
936,683
9405,7224
9944,8904
10187,9786
8145,6539
10348,7644
10871,9286
10503,9771
9282,8971
9184,6794
596,509
5113,2262
7476,6942
10375,6968
9814,8691
4218,3499
10050,10015
3746,1686
3233,2018
10890,9188
5567,3943
10831,9356
10091,6956
10936,6265
905,357
9940,7409
9603,6540
10817,9628
5533,3978
5332,1557
2933,1566
1473,1439
8965,6806
7226,6822
8440,6610
7515,7287
10258,9465
10459,8259
9616,9078
10855,8436
8386,7901
3111,2456
10746,8706
8695,7993
8374,6543
10011,7226
7668,6922
9401,8004
5454,2596
6566,6237
5824,5123
8352,6096
9439,6274
8692,6617
9265,6166
7174,6730
10786,6259
9688,8062
10686,9415
629,225
10770,10410
9124,8737
10264,10215
2252,1673
3235,2155
8306,7980
8758,8051
10224,9313
9684,8578
8702,7024
7973,6455
1920,1052
10384,9022
10643,10000
8335,6139
9252,7963
865,361
9382,6930
6986,6908
10205,9922
8861,8022
842,664
10786,10127
173,60
7743,6357
10161,7762
9318,9023
5710,1268
9614,8300
8803,7554
9560,8738
9616,8695
625,431
8275,6126
966,546
10526,7263
9739,9505
10738,7479
900,798
916,553
9651,9637
7558,6939
203,155
7866,6948
8901,7092
5145,2336
9840,6746
8930,6176
10672,9052
9737,9380
10707,6596
6891,6783
10176,6939
2336,1233
9973,9791
8612,6014
9065,8474
10331,7915
9778,7249
5085,3829
6841,6338
10971,9306
10790,10501
9443,7432
4096,2863
10834,7202
9290,6003
9512,7408
5759,3398
9526,9405
7463,7420
10235,8092
4258,1037
10476,7226
10357,10310
8354,7673
4742,4488
5609,2523
10629,6065
10807,6698
10638,7030
5264,5015
10487,9016
7750,7430
8875,6295
10946,8020
10373,9541
3669,2842
9024,7123
4218,2764
10062,7037
10088,7683
8870,7567
9542,8249
10562,7456
9356,8795
4137,3586
5121,3777
10316,9311
7953,6701
9908,7034
7288,6299
9472,6476
7147,6889
10843,7205
10357,9392
9206,9023
10625,7739
9692,7409
4774,3808
9021,8298
4518,1709
8302,7240
10781,10722
8986,8260
9003,6739
7675,6068
4421,1675
773,421
7093,6913
10504,8226
5268,2412
10804,8905
3521,1148
10908,10015
10804,7674
4483,2329
7479,7309
904,330
7586,6464
10544,8458
9653,7870
9780,6451
10922,9139
8513,8224
404,139
5104,2064
8809,6513
7757,6578
8759,8242
5727,3137
5022,2412
7496,6348
8810,6744
10558,7266
984,58
4730,1584
10606,9463
1557,1023
10347,8836
8289,6977
7377,6449
5108,2706
2250,2119
4332,1465
8649,8476
7869,6304
3565,1163
9813,8961
8669,8476
9880,6700
7818,6703
9749,9380
3358,2328
2704,2192
9561,6037
7072,6699
9434,8742
10508,10457
9507,9134
4212,3810
9416,9309
8658,7408
9978,9613
9146,7812
985,848
10498,6991
7782,6784
8890,6807
699,455
10367,9610
10150,8078
10782,9025
9226,6857
10694,9238
9373,8764
10677,7357
8101,7656
8680,6761
9178,8839
10741,10525
7547,6844
3479,1134
8319,7232
10079,7216
9598,6113
10006,7372
7542,6764
9112,6664
10231,7274
7121,6679
9702,8842
8336,7330
5475,3474
8256,8225
10320,9342
6991,6564
4697,1073
5909,2560
10223,9282
500,376
696,261
10865,9730
5807,4697
5450,3485
7670,7388
10580,8684
5476,3392
9471,6622
4147,4076
8484,6554
7091,6072
10896,6568
7961,7080
9374,9060
7754,6075
7624,6768
10926,8974
10795,6439
3915,2335
8265,7765
10941,8039
8215,7812
5909,4649
7400,6025
10688,9543
4723,4326
534,488
8397,7418
9227,9093
5233,1907
5727,1500
9799,9073
4697,3404
7386,6965
10597,10228
9377,9066
9950,9734
10778,9723
5696,5528
8518,8242
7140,6776
10420,9631
10518,7231
10098,8882
10725,8216
10426,6563
10224,8979
6950,6464
9942,8875
960,669
5322,2976
5419,3067
3585,1578
4147,2133
822,676
10230,9302
8036,7905
9403,7581
10085,6469
9511,6583
9099,8252
9989,8882
9042,7618
9942,6879
8714,7421
9473,8379
9815,7868
9987,7721
8818,8814
10230,6592
9609,9436
10270,8964
10698,7149
9367,6096
3103,2269
10146,6615
8222,7534
8985,7151
10948,9982
7136,6284
10685,8385
10297,10267
5605,1991
9374,8126
5964,3076
9651,6836
6929,6527
8007,6998
10109,9495
9324,7176
4209,1134
7855,6408
10873,9621
8080,7802
763,690
10005,8188
9297,6590
10803,6933
9548,6864
753,460
9453,6061
3456,1752
9557,7103
2815,1473
7830,6063
8581,6899
618,51
4631,2434
8433,7042
9621,7855
9776,8962
8711,7146
3571,1750
9033,8055
9448,6779
9150,8994
9793,6965
9772,7038
10855,9798
10538,9962
7178,6153
6439,6105
10500,7473
10258,7411
977,159
10440,6338
8475,6438
8338,6303
8747,7417
10923,9095
9946,6191
9959,7626
4547,3327
10029,6017
10146,9789
9595,9455
8571,6811
8757,7925
10266,6300
10954,8513
9378,9047
8229,7718
10933,7266
7400,6108
8482,8058
10632,6210
5450,3618
2843,2567
2887,1381
8603,7833
6911,6403
10526,9706
10627,8329
9997,6500
5984,1316
2933,2929
7640,6832
7216,7192
8245,8042
7884,7137
9541,7606
10202,8031
7028,6621
5071,3912
10500,6563
9066,6572
5667,2081
4807,2989
7431,6010
4808,3359
7976,6105
3796,1715
9282,6038
5049,4992
10307,10051
8965,8395
3963,3120
10066,8816
9932,9427
9423,7628
10887,6708
10831,6518
10510,10115
10714,7503
415,292
10449,8428
5362,4629
9448,6688
2402,1857
1370,1311
6139,6050
10518,8877
4148,2516
8866,7042
7012,6379
8986,7909
9790,6361
5393,3694
10531,6197
4793,1108
5510,1800
5807,3404
9779,9705
894,98
2646,2553
7654,6803
8849,6165
10168,9163
5240,5107
10679,6969
4692,2134
10060,6976
9833,6603
10057,6901
8132,6372
8074,6153
9933,9855
9511,9396
10335,7409
10064,7088
9824,7551
9832,7795
7536,6060
10356,8490
9845,6875
9262,7334
9398,7579
7969,7239
9429,6613
7439,7307
748,145
7136,7128
8447,7901
10126,8143
10894,6058
10954,7675
4777,4186
7343,6309
10438,6404
9202,6693
710,476
986,164
10511,6872
10597,8980
10968,7311
9217,8825
759,384
9671,9351
7150,6762
9177,6458
8759,7930
2430,2373
8505,6822
3686,1842
3990,1949
5974,3354
9904,8464
7545,6974
6839,6122
10824,6228
10056,7034
7032,6695
4416,2545
8892,6188
8932,6576
4468,3336
10583,7943
10828,10570
348,122
5144,3404
9208,6300
8160,7461
8378,8327
9466,8580
10519,8413
6851,6259
9440,8338
8593,7190
10060,8003
10490,9289
7629,7071
10101,6490
10527,6708
5182,4681
10012,6023
10670,7169
5972,2081
9873,6032
10355,8933
5753,3424
8971,7570
4965,2726
9926,8227
10001,6855
6827,6513
8870,8330
5605,2650
10725,9560
9324,6642
7781,7142
5333,2480
9014,8626
10454,8047
9704,7522
4931,2415
8157,7662
8735,6878
9957,7236
10738,7309
9940,7894
883,523
9786,8956
5443,1489
10815,9938
9427,8542
9852,7539
7706,6975
4511,2032
10900,7202
9934,9380
3398,1512
10672,7629
7658,6370
7239,6628
9646,6457
8504,6255
9870,8115
9441,6919
8186,6989
8434,6193
7766,7611
10285,8341
1862,1194
9820,8166
10076,9891
6470,6324
10890,10187
10923,9924
7017,6345
8906,7721
5921,3673
10052,6041
6821,6601
5273,4059
9486,6594
4508,3929
8762,8306
10554,7916
10166,8298
4508,2264
4396,1428
9340,8913
10472,9947
9649,6568
4056,1008
9980,9375
5194,3981
9910,7555
5828,1263
9618,6825
7600,6004
10082,6672
7961,7576
2269,2192
6319,6249
8877,7231
9958,9565
4659,1462
481,287
9436,6472
10841,8449
7720,6059
10640,9927
10500,10426
10275,9247
4625,3990
9451,7615
9120,8277
9599,6638
9272,6793
10414,8725
10061,8626
9855,9027
7333,6781
892,239
9407,6920
9916,6115
7148,6776
4677,3529
7649,6357
9078,7993
5031,3831
10143,6631
10651,10260
10832,8939
10460,7896
3658,1027
7527,7020
9363,8411
8085,6745
8481,7281
9771,7587
10780,6052
10610,9983
7601,6314
9129,8411
7693,6129
7874,7822
10136,7866
7669,6743
8306,7508
3038,1432
7167,6341
3832,3458
10666,6516
9767,8330
7956,6848
8234,6706
8482,7642
7127,6915
7467,6904
10238,9670
10703,8807
5829,1994
10363,8413
5545,4923
10999,8313
8928,8135
9959,9097
2156,1370
5888,3624
7252,6513
719,434
7084,6213
10390,10021
8109,8042
8046,7705
8839,6022
3694,1629
10036,9624
3051,2910
614,116
10901,10130
8220,6653
7623,6406
9730,6833
10497,7559
8574,8484
8025,6088
5263,1851
9687,6586
4479,2402
10503,7587
4977,1037
5299,2054
8430,7764
9150,8268
5618,2510
9450,7180
9288,8753
10095,9583
10281,7324
4843,2780
2670,1155
7744,6138
5103,3004
9771,9619
3285,3259
354,42
8113,6594
7927,6189
8786,6381
896,887
9978,9679
5374,3059
9685,6623
10997,9254
5579,5467
4421,1703
10714,6383
8977,6537
2068,1969
8168,6735
9093,8097
9834,9823
4396,1424
6954,6667
9313,8632
10745,7304
8882,6865
2967,1011
5178,5173
6248,6182
7328,6609
511,255
10569,8685
9083,9012
3371,2978
3352,1328
10883,8538
10655,6063
5776,4114
7556,7442
8416,7083
10591,6930
5292,1381
9054,7338
4916,2631
7972,7971
8505,7226
9160,8683
4805,2020
9799,9736
8842,6863
9962,8354
10557,9953
10803,6210
3396,1439
9543,7903
9470,6467
8197,6072
8619,6760
9383,8220
10982,8804
4841,2735
5753,5303
5626,1949
7804,6398
703,332
10157,8070
4161,3530
5369,2008
10670,9098
10034,8883
10979,8142
6624,6232
9998,8244
10270,10042
10647,8559
10679,7505
396,144
8003,6976
9656,6224
9080,8567
2574,1051
9092,8176
2353,2127
9783,6836
4413,2084
4800,3654
10643,6509
3404,1073
954,947
10518,9059
9486,7566
8386,6925
9472,8927
725,424
10107,6062
9322,6096
9565,8886
2456,1509
10662,8614
10009,6136
10136,6948
5648,3710
7164,6751
8335,6493
9518,6083
5137,2602
8189,7453
10964,9116
9383,6343
8481,7792
7944,6556
8500,7637
8850,8456
9222,6849
5572,4451
4668,4302
5490,1718
10686,8640
9100,6452
10908,10562
7966,7067
10342,6719
5206,2637
4692,3973
8443,7812
10035,7143
10675,7474
8147,6274
3640,3189
4289,3291
7828,7487
6156,6154
843,449
5530,4391
738,138
615,186
9270,9078
9306,9089
10767,8198
9656,8277
9590,7814
3532,1135
9701,8262
9677,6353
10570,9705
9160,6398
8637,8273
8270,8021
8536,7249
5125,3681
5835,4058
4004,1159
10089,6812
9017,6274
10817,7160
10956,7206
884,563
7598,6812
4795,2192
4302,1749
8508,6993
3058,1490
5650,1114
9748,9209
10956,6424
558,532
2496,2340
10717,6873
7349,6897
8770,7688
7411,7318
9984,7935
4686,3158
886,815
10462,7436
3756,2763
9180,7535
9364,6285
929,427
10772,7135
9216,6556
10395,8856
4986,3349
8972,6632
1672,1152
9875,6942
5097,3884
7781,7471
5605,5567
6905,6135
10455,9498
9213,6972
10207,6261
786,641
8421,8216
5774,3349
8882,8052
9328,7286
5718,2430
9501,8354
9335,6064
10495,9239
10761,6755
10740,7966
10324,8842
10578,9217
9899,8776
9845,8903
881,667
7465,6671
7568,7068
6843,6685
8547,6552
8169,7199
5118,2605
10582,9373
3990,3971
5168,3767
8928,8356
9772,9240
5137,1858
8724,8111
8870,7290
5623,4340
2275,1561
9151,9087
4761,2154
10276,8226
10836,6659
4902,3454
208,32
10712,6174
10496,7060
7682,7032
10056,9908
9820,9533
9426,9301
10522,6213
10119,6599
6747,6308
10461,7077
10207,9592
5544,3607
10797,9511
9509,6788
4161,1973
9681,8500
3822,2632
814,579
7984,6335
10579,6721
10461,6783
10037,9671
4809,2528
1661,1473
9618,6461
5116,2489
10056,9606
8754,8097
9976,8337
5565,1470
10756,9517
9667,9453
7017,6883
4497,4453
10742,9682
10019,7703
9621,6408
10047,7046
6227,6139
10054,7093
9936,8397
2240,1391
8837,8274
4605,2201
4310,2480
10819,6115
8453,8431
10222,8360
10746,8096
10288,6645
10516,8204
10756,8664
3247,1494
8799,6365
10847,8174
10075,6722
4631,4159
9677,7709
5103,1523
8546,6489
10605,7810
9265,8217
5992,1413
9683,6116
9065,6255
661,508
10389,8845
5575,1496
2415,1503
4847,3565
2240,1017
5385,4574
7763,7551
3479,1846
7264,7005
4220,3972
10395,9094
8748,8176
8918,6682
4626,2605
7691,7471
8741,6958
6601,6036
5007,4817
988,907
742,474
5091,3071
9048,6094
10345,9444
9433,8060
5229,2611
993,65
5988,2908
5594,4367
8406,7323
9250,7415
10503,9722
5795,3239
10627,6403
10366,9030
10004,9197
10019,9791
10325,8778
10595,7357
10658,7720
10083,8679
2258,2235
9074,8641
10482,9084
5578,1894
10335,9692
920,656
657,514
9309,6608
6865,6393
9939,7989
10193,6330
10659,7777
6700,6086
8910,7224
7839,6890
6495,6016
875,589
5543,3571
5183,2560
8718,7693
5390,4949
2978,1716
7022,6064
10570,7217
10095,7907
9097,7626
9887,8032
9619,7587
10693,7652
10483,8530
9731,7950
9961,6973
8227,7272
9808,6850
5829,5157
10467,6360
10791,6627
6886,6122
5051,4106
8907,6014
10596,7199
9452,8418
9737,8550
4150,3142
10450,7195
8513,7675
7755,6677
8813,7455
10309,9038
8249,6579
10865,8194
8298,8290
6678,6356
8832,6233
8572,7371
9797,6143
9238,7921
3957,1253
9459,6386
4089,3633
6804,6598
5175,3373
9527,7040
10860,8016
1765,1492
5495,3466
9892,9004
3103,2704
8164,7670
7827,7166
739,314
5722,2093
8801,6954
3463,1422
10941,9714
9296,6677
7557,7293
10513,10184
10967,10943
8384,6291
5495,2583
5025,4951
7787,6051
10031,8999
9010,6866
9797,6076
10747,7204
5759,2996
5608,2615
10901,6648
9489,7954
3821,3633
10809,6924
4504,2570
10191,7612
9130,8875
8515,6667
7044,6623
973,831
3675,1498
7828,7197
9898,8024
10999,8265
3837,3256
3556,2415
7743,7649
9599,6645
3795,3528
4859,2021
10035,9953
10104,7405
9052,8468
8812,8690
7159,6299
8906,6344
5647,3812
9350,7568
10532,9991
10872,8908
891,673
9753,7753
10156,8905
5071,1405
8866,8433
10104,9049
4838,4824
10004,9576
10399,7783
9700,6379
6947,6315
10539,6675
5893,1257
7609,7189
8932,6647
4996,2434
10250,6397
9805,8792
10538,9501
10832,8514
9466,6931
9182,7199
9611,6459
9765,7915
9043,6619
9067,7514
10709,10505
7861,6062
5099,4371
6914,6630
9572,8991
4910,4061
10330,8709
9965,8346
8199,8007
10382,9045
4482,3268
8295,7619
10543,8274
9112,7389
9749,9737
9908,9606
8045,6491
5626,4625
4959,1265
10290,9244
9450,9312
9269,8961
10507,10417
8985,7190
8756,8421
8031,6692
9992,8356
10230,8972
10972,9601
83,55
10054,9259
8437,6880
3088,2156
901,158
680,429
9564,7611
8192,7408
10109,7078
9670,7142
9733,8867
9130,7932
10130,6648
7851,7527
9512,8192
9659,6152
7175,6115
6844,6312
9639,7640
9154,7310
7891,7208
7797,6491
5511,1878
10734,6332
10535,8974
9349,7663
10174,6250
10591,9382
8718,8102
4612,3730
9322,7021
10106,6315
9670,7781
10811,7742
10082,7441
8026,6302
8379,6887
8588,6345
8742,8576
10734,9836
10934,7627
10699,9993
10861,8202
10506,7361
10998,7308
5427,5426
9743,7162
6756,6394
5144,4697
10647,10383
8368,6129
4922,2235
10133,8841
7989,6362
10516,8345
7391,7022
4862,4575
5504,4782
9337,8917
9355,8221
10569,6240
8910,6524
9409,7845
10149,7547
6653,6343
808,192
5759,1512
10965,8338
9089,6875
9983,8897
4989,2054
10846,8359
7396,6667
7885,6541
10401,7634
5786,3479
8755,6672
6688,6407
8572,6259
2205,1333
527,499
7960,7043
10504,10276
462,252
6589,6457
10324,9702
6601,6047
8922,8829
2653,1155
9831,9788
8763,8128
7863,6651
9959,9489
9305,6054
10530,7501
7453,6330
3183,1422
8339,7746
10473,9576
10025,7297
9318,6175
10102,7024
10112,9697
10507,6559
4186,3470
9441,9158
3484,3091
5638,3603
10736,6072
4340,1497
10993,8189
7494,6405
7980,7508
10638,10342
10803,9946
9902,9482
437,393
8381,7956
9090,8283
9273,7956
2997,2631
9819,7148
10836,8315
10675,9028
9003,7141
10459,9403
9824,6093
9767,6202
587,296
10339,6563
5427,3832
4810,4424
7785,6834
10310,9392
2082,1215
6946,6604
5396,2863
8447,8386
9812,6913
4571,4340
10760,9847
4772,3676
4163,3365
8898,8865
9171,6495
5184,3796
281,184
8151,7915
9675,8462
9800,7196
8255,7948
8197,7091
10755,9097
10569,9006
10350,8812
9511,7549
4163,3311
8680,6798
8793,6333
8511,6547
8630,7435
6965,6132
9600,8918
9565,7532
863,438
7487,6504
8607,8164
8906,6684
9158,6919
8551,6904
9195,8948
10364,6868
10149,6312
7471,7142
2296,1087
6554,6302
10376,7714
10063,8961
10925,7382
3654,2542
3256,2668
8137,6627
9675,7850
10975,10645
9217,6952
9890,6812
9435,8619
4903,4158
9177,6628
8675,6125
9139,8419
5595,4105
10914,10593
9403,8483
10589,10381
10191,7963
8479,6696
4100,2239
5395,2512
7488,7164
5554,3350
3834,1878
7382,6746
961,273
399,335
10567,7985
5700,4278
3004,2364
9107,6046
3228,1991
9243,6675
10943,7501
4074,3192
9390,7086
4331,2853
9414,6651
3413,2732
7741,7289
4157,2335
5751,5736
10045,6357
8669,7744
7663,6709
860,263
5810,4520
10276,7438
10978,7597
9844,9053
9758,9491
3831,2772
10756,9768
9261,6311
6108,6025
8683,6398
5648,1251
5249,2067
913,271
10820,10159
8328,7779
5744,5454
5687,4398
9511,8791
5387,1643
8224,7675
10753,9084
10694,7921
10786,6851
456,266
9816,6260
5890,3694
9803,8314
7190,6771
377,343
8469,8239
9417,6287
9488,8752
10074,8196
10941,10185
2163,1673
10284,6965
5238,4335
9763,6885
6559,6082
4486,3242
10228,7615
4809,1165
6944,6884
8472,6961
8293,6523
10658,10656
8282,7647
9415,9090
10567,9724
6837,6262
4706,4295
9520,7934
8632,6045
10473,9197
8682,7794
7411,6229
3648,2436
979,823
963,715
9955,6783
9268,7403
3968,1391
3189,1465
6514,6306
8648,6305
5736,4079
10644,6607
9592,7823
10168,7712
6983,6309
9877,6993
7127,6531
8436,6994
8292,7226
4711,3285
9868,8973
8021,6541
3746,2701
9792,9667
8012,7778
9157,7465
9127,6122
4614,2454
477,243
8135,7981
9119,7569
9129,8613
10507,8284
9880,8917
10729,10301
10186,7440
10380,7469
8728,7094
4074,1082
9199,6483
10007,9781
10303,9563
8360,7770
10642,9176
7696,6156
8875,6879
1391,1017
1802,1272
2100,2000
9970,6745
3088,1311
10200,10154
4986,4922
10239,6182
10680,9381
10671,8749
2780,2753
5609,3130
8036,6331
9848,9449
9247,6419
9881,7789
9944,7914
627,439
7445,6924
3137,1500
10902,7374
9051,6906
5831,3957
7724,6514
3874,2340
9160,7804
8164,7018
4916,4508
9848,9401
9632,6456
7752,6483
5879,2054
10332,10058
8897,7275
8867,6668
10466,6447
8734,7628
4657,4244
10272,7965
10494,9426
9848,9218
10489,8708
8669,6138
10541,6568
8782,7847
718,413
9714,8039
958,591
6868,6802
387,226
9431,7613
11000,9575
5183,4649
8871,8722
9735,8492
3424,2096
9499,7067
9490,8317
8026,6633
9856,8416
10108,9048
10895,10802
9023,7116
9194,8866
9225,7334
5299,4989
4212,3625
3327,1204
8038,7928
818,482
8431,8260
10561,6340
10385,7764
9497,9290
9155,8530
9848,8004
6983,6418
10142,9008
8162,6293
10115,6650
9922,8503
9105,6058
5334,3278
7240,6169
7928,6674
10767,10455
6585,6483
3866,1854
7871,7282
10503,9619
7242,6703
5731,5025
11000,6889
8466,7434
10647,7922
242,238
928,736
9308,8788
7239,6458
8800,7729
9728,8581
5396,3245
4587,1739
4081,2730
4431,4004
4438,2019
3659,1489
10960,8927
9548,7269
8700,7956
727,301
10677,10595
9059,8877
10261,8187
10558,9972
9840,7382
8471,7482
5678,3413
7778,6349
10667,6544
9117,8881
9697,6729
9743,9681
10040,7165
10610,6528
9836,6332
7974,6355
10097,9452
6116,6102
5815,3790
4816,1729
10331,8151
6618,6367
3331,1815
806,27
3465,1915
9979,7404
6871,6455
3345,1152
9554,8076
8476,6138
8910,8389
10054,6488
8993,8753
10630,9809
9440,7515
8482,6365
3981,2545
3349,2258
8667,8412
9351,6048
3805,2012
10165,8192
10570,9779
10776,7746
10624,6713
8426,8400
10771,9201
8546,7775
6552,6197
10564,7736
10667,10297
9000,6534
10007,7845
9565,7464
10712,8889
5877,5719
5595,2843
10043,8737
4431,1159
10696,7052
766,157
8808,6854
3349,2235
10978,7294
10963,7544
9605,8897
9409,6654
9460,7006
8625,8551
10564,6834
10180,9965
10350,7672
10842,6716
9262,9225
6646,6406
5482,3659
8123,6953
10098,6865
10236,6085
9294,6539
8160,6208
10776,10023
9076,8924
5727,5527
10971,9089
10985,7313
10216,7588
9822,8991
4506,3365
4667,1377
4160,3592
492,67
10197,7001
5807,1073
10777,10733
10738,9391
8488,6194
8501,8223
9870,8523
9016,7204
2568,1684
5861,2329
4755,1253
9696,6552
3760,3507
4616,1500
10238,7781
425,241
8190,7955
3828,1009
5289,3296
9436,8445
9819,7076
9936,8554
5488,1549
10669,9603
10103,6598
7677,7348
9661,8266
10282,9557
9137,6997
10344,6977
8825,8299
8232,7598
691,540
5206,4089
10203,9026
10126,7466
4795,3103
10618,6065
4686,3470
6853,6109
9613,8950
4627,4472
9051,7107
4860,4532
7523,6080
4916,2997
9855,9135
8467,7168
8486,8356
10266,6916
9309,6615
10266,9208
9751,7134
9755,7344
7303,6413
8555,6466
9910,8158
2646,1616
545,539
10714,6409
9784,7824
10878,10030
8569,8234
4291,2084
9992,7981
9445,7466
666,117
4803,4331
6614,6355
8968,6217
5835,4790
10383,7341
6809,6154
7615,6791
3840,1778
9239,7871
6691,6272
10054,6913
7045,6366
9270,6167
8206,6905
10671,10490
9090,8640
9234,7551
4160,3870
8023,8007
8560,7470
9856,8034
5649,3163
5795,5780
9326,8145
10797,7549
4612,2331
6615,6608
10991,9626
7915,6567
10788,6137
5124,2410
6536,6068
9940,9794
10998,9155
2517,1765
953,193
10084,9667
8723,7083
7827,7542
9554,7621
8924,7899
10805,8131
10927,6763
10614,9029
10512,9949
760,39
4977,4258
7167,6198
10940,7892
9143,7070
7757,7541
4922,3349
5121,4684
5782,2134
5828,3398
7371,6851
10619,9727
8774,7211
8518,7930
7987,6332
8063,7180
10684,8651
3276,2849
10966,10826
8012,6349
10161,7163
9608,6497
10702,9507
8619,7920
4611,1969
8556,7193
2797,1703
5941,5423
10693,10667
9026,6366
4308,2430
10201,8423
9670,7471
5395,3657
5036,5004
8074,7965
10146,9416
4081,1824
10650,7474
9743,7637
10363,7303
9802,6125
10067,6752
10406,8304
2607,1193
4479,1857
8212,6862
10935,9715
9644,8709
10672,8704
8722,6189
5268,5022
7195,7147
2364,1523
8249,6920
4955,4862
7806,6401
10827,9866
3761,1803
5856,1043
7503,6409
9986,9462
5233,2800
854,599
8706,8096
7769,7279
9181,7887
7873,7529
9456,6701
621,132
3947,2701
5103,2364
9396,7549
9322,8352
5511,3834
10772,7088
9612,8245
3130,2523
3081,2910
8571,8223
9588,6647
9266,8176
9965,6196
5050,2690
9568,7268
7172,6883
9320,7472
8257,6845
10940,8683
10024,7896
5751,4441
9568,6855
9312,6637
5183,3861
8168,7522
10628,9804
5871,4146
7592,7206
3536,2360
5329,1144
9155,7308
5322,3480
10415,8480
8123,7525
9965,6131
9884,8565
10039,7163
9978,8950
8574,6633
9708,9307
10924,9028
8400,8161
8313,6588
9268,8179
9747,6657
9697,8398
915,250
8862,7410
9590,7095
10563,8662
7670,7018
10040,9870
9134,9125
7855,6631
8912,7370
8718,8368
4209,3479
8543,8530
7586,6137
6708,6446
9983,6528
6787,6502
3011,1915
9555,9387
793,634
2403,2041
9048,7153
10494,10177
406,221
7583,6673
10869,9197
9455,6285
10275,6088
5647,1973
7826,6014
5497,4791
908,619
9980,7440
10753,10410
10331,6567
8513,6536
10575,8140
7447,6867
5175,4189
918,305
10854,10275
3023,2149
10739,9596
10514,7407
7298,6101
9229,8191
10228,8980
4332,3189
7258,6284
7119,7085
4649,3861
9806,6652
8640,8283
6275,6021
9476,9055
10171,6553
10487,9755
10230,6632
10939,9373
1374,1335
10144,7725
8745,6777
8938,7495
620,340
8605,7610
9363,7033
9342,6573
9901,6596
8329,6911
10725,8756
8704,7629
6264,6194
8446,6911
4914,2060
9356,6443
9992,8135
10156,9103
7227,6252
10098,8052
8931,8063
992,478
9587,9410
8233,6194
8831,8675
10319,9116
701,670
4816,2082
5343,1584
7107,6906
9992,8486
8313,8265
668,17
1512,1263
8967,8379
10933,10036
9977,6969
10550,9035
8939,6140
9991,7495
5527,4616
5192,4876
10442,7960
7410,6638
9706,7263
10865,6833
10541,9649
10256,6445
8830,7304
9127,6886
5626,3990
10212,9444
9882,7785
8413,7303
5814,4053
2688,1580
8510,6268
10498,6134
3930,2167
5184,2020
2587,2494
10651,10051
8986,8453
5106,3021
10528,8004
9932,6325
9705,8606
3772,1733
9430,6348
5482,5443
10309,9566
1998,1320
3772,1450
7236,6770
3484,1675
1973,1511
9489,7626
10069,7574
746,708
8972,6592
10916,8317
9293,7011
10424,9443
9633,9367
975,350
10399,6577
5263,4389
7925,7776
10476,8292
10993,7453
10082,6373
10092,9769
10238,7142
10541,9369
8124,6780
5155,2043
3505,1700
9289,8749
3072,1061
5871,1885
10602,7112
6573,6225
7039,6463
9798,6994
4926,3083
9987,8906
9934,8550
10911,7845
10235,9702
10223,7570
9672,6670
10239,8394
7467,6030
10552,6445
8305,6244
8260,7909
7934,7132
924,257
9985,8664
4012,3536
9610,6051
5091,2320
6910,6158
8454,7263
9405,6524
10226,6490
9199,7752
7209,6857
10333,7916
10477,7838
10779,6466
8206,7446
10332,9802
5567,3228
5673,1345
10401,7236
7696,6211
10771,9169
10905,6291
5495,5007
9578,9150
5419,3210
5300,5286
835,820
5615,5145
8481,7399
9845,9089
4843,4597
8139,6961
10985,9988
5647,3530
8833,8758
10578,6952
4696,2443
7910,7903
9875,9368
9986,8639
6947,6531
10267,7652
10876,7903
10542,6558
10971,9845
5615,2336
8979,8632
2499,1364
6920,6579
2732,1357
9859,8731
9927,6607
10937,6796
1765,1475
866,538
8571,8501
8046,8014
8927,6476
5002,2353
10288,9599
10618,10323
9603,6936
10786,7371
10528,9848
10079,7192
9111,7767
9838,8455
8762,7980
8621,6219
9913,8778
5814,1797
9595,6285
5336,5141
5924,5569
8101,7412
10370,7417
10647,7341
10904,9924
5446,1858
6493,6227
9540,7814
4171,4114
7652,6544
3884,3118
3607,2434
9056,8218
9882,7736
4394,1610
10807,9909
8232,6858
10931,6532
4800,2542
7200,6636
4089,3821
3756,3476
9705,7217
6904,6030
7165,6195
4774,1833
233,183
8815,6016
9414,7863
10624,7959
10573,6371
4633,3429
10721,7102
6975,6160
4931,1503
9707,6412
5671,3128
10364,6802
774,74
7544,7481
10465,8515
7771,7213
8580,6931
9791,7519
9564,7766
8329,6403
8548,6258
8985,6771
10685,9911
5434,4093
8522,7228
5859,3131
10543,8837
10908,7456
9634,7533
4252,3634
6645,6638
10505,7939
7359,6869
9948,7957
10231,9048
9909,8883
10671,7748
9169,7358
10184,7010
10423,10123
8224,6068
3029,2450
9173,6034
8987,8424
2239,1018
7964,7057
794,211
10008,7950
120,31
9548,6220
573,504
9969,9303
7898,7395
10272,6153
10905,8384
7477,6836
10355,6873
9195,8970
9457,7907
10341,8725
10144,9389
6435,6387
5426,3832
8205,7326
8871,7927
9844,8854
4649,2560
9585,9537
8199,6998
10306,6941
9616,7993
9960,7720
9528,6914
10454,8404
10497,8966
3916,1452
10246,8639
5653,2550
9768,8664
9884,8965
7187,7161
8158,7387
10840,6164
10542,9757
4485,3085
10657,6092
9685,9443
9003,8671
5303,2096
8551,6030
7343,7210
9423,8734
10811,7925
9205,8351
8196,7521
9801,8220
9729,6953
10272,7178
9211,7004
10840,8665
1408,1159
906,817
630,598
9424,8830
9958,8886
5108,1193
10833,7480
10298,7745
10576,8255
9088,7527
10578,10128
10855,6994
10951,10139
3821,2637
5774,2235
5577,4509
6964,6146
8588,7017
5636,4865
10816,7314
10892,6741
4604,3106
4309,4226
10204,8803
10332,8831
9988,9113
9653,7582
10619,7215
4472,1087
10323,6838
4611,2068
10770,9084
10436,9797
8701,7712
5157,3963
5249,3521
811,519
8076,6967
8762,7508
8947,6964
8218,7128
7786,6470
10078,7216
10827,6941
9146,8215
7323,7167
10891,6384
9485,8119
10157,7070
7894,7409
5336,3392
10129,9408
9655,7790
8136,6683
4105,2843
8959,6703
10167,9671
9048,7274
9640,6079
8481,7518
10831,8795
9508,6490
10776,8339
9690,8118
9251,6177
5890,5393
8416,7686
4986,2258
10990,7294
9488,7973
9632,8994
4465,2748
10983,9361
8584,6201
8729,6854
9729,8123
702,147
8201,6290
10925,9840
10103,7841
9998,6466
8212,6308
6883,6345
8535,8336
10059,8611
10233,9840
9522,9063
9077,9073
6838,6065
9252,8174
3793,1309
7076,6776
5387,3136
4583,4463
5451,2031
6779,6688
10948,9055
10204,7554
7359,7072
7621,7106
5829,3963
8729,6390
8057,7953
9170,7811
10770,9999
8529,7696
9182,8169
10887,10527
10017,9977
7865,7154
7796,7231
7174,7089
10933,10558
447,140
8099,6972
4280,2149
8094,6892
7905,6331
4617,3578
4992,1890
8723,7686
9077,6782
772,506
3387,1970
4345,4291
8419,7671
9772,8686
8799,8058
8821,7479
10649,7558
9085,6547
5499,3259
3474,1580
7376,6044
10512,8582
4345,2084
5871,2787
10879,7374
9171,8815
9856,8723
10343,9500
2271,1765
8529,6211
7833,6317
8770,7246
10788,6950
5594,5507
9592,6261
2729,1357
5877,1429
9767,7290
9971,9614
6706,6386
9230,6938
2271,1475
5145,2500
9978,8040
9400,8285
9835,7340
10463,6480
7121,6927
9324,7869
10833,6288
9213,8624
9065,8504
2119,1979
10675,10650
3396,1661
9528,6630
3982,2663
8710,7684
4454,3533
10081,9954
7576,7080
10302,9374
9416,6608
9834,7417
9427,6562
8301,8079
9167,7808
6341,6198
9171,6938
10166,7835
8281,6051
9268,6842
10576,7948
8103,6104
9259,6913
8387,7215
10917,9069
8929,6090
8892,8031
4503,3894
517,70
9970,8085
4326,3538
163,124
9450,8063
9505,8800
9458,7270
2706,1193
2624,2561
3210,3067
8559,7341
4271,2682
10147,7859
6950,6318
9793,7386
4482,1135
9784,7563
9711,6077
5200,3242
8445,6658
5583,1370
8634,7719
8937,6247
9201,9169
1661,1439
4625,3971
5648,1564
10569,7759
339,21
10622,6025
838,423
8927,6921
9942,6295
2730,1824
7316,6170
10243,7108
5814,5048
9817,6212
3398,2996
7106,6967
9632,9150
3225,1585
9273,8381
9386,7851
6491,6301
9425,8625
10248,8263
10692,7640
10313,8570
9220,8266
9207,6160
10702,9125
3445,1545
7760,7078
10999,6588
10969,10606
10097,9044
6628,6458
8515,7396
861,88
9824,7763
10327,9074
4915,1816
5291,5062
10954,8224
8600,6677
4505,2609
9009,6136
8464,7235
8795,6518
5288,3676
10009,9009
5463,3493
8104,7742
8027,7101
8043,6281
3863,2309
8927,7605
8501,6811
10114,7379
8327,8049
6226,6189
10089,7598
10750,6392
2914,2124
5144,1073
5626,3971
8653,8564
9816,7872
10122,7947
10936,6784
8270,6541
10845,9058
10338,8981
7072,6162
4482,3532
633,510
5133,2690
10871,8959
8597,8582
852,613
5182,5108
9149,8905
8945,7630
9517,9370
7721,6684
9015,6646
9356,6518
9022,7829
4520,3068
5395,2145
6809,6156
8540,8046
9038,6376
9179,6151
10000,6509
9955,6891
8775,6139
6376,6205
9664,8053
8052,6865
9566,9038
8933,7138
9474,8159
5536,3379
8089,7630
8983,7073
7782,6265
9015,6406
7792,7281
5049,1836
5839,3275
6438,6294
8673,8036
10817,7326
8723,8416
9274,6959
10363,6413
4020,3538
10906,9555
4074,3357
8472,8139
9733,8797
8076,7106
8133,7807
10229,6819
10559,10299
8669,8649
9078,8695
8011,6931
8957,8616
7905,6724
743,468
8036,6724
10935,9804
10667,7652
9227,8754
7566,6846
4650,1868
7097,6037
3938,2564
8394,6248
9060,8126
9786,9188
8182,6496
10681,10423
7458,6949
10568,9716
7236,6395
5288,4772
9371,6251
5186,2123
5992,5855
9383,6653
5022,3358
4625,1949
8515,6954
9736,9073
9740,7911
921,768
10255,9820
4468,3692
7887,6496
7917,7388
730,304
8402,7498
10194,7750
6938,6495
9731,6636
8969,8347
7985,7749
781,195
8722,6226
10407,9838
6750,6496
9958,7464
8757,7776
839,777
9593,8234
2874,1456
9208,6916
10825,9810
6757,6595
7781,7691
9266,8748
6691,6598
5948,4266
7463,6019
397,359
9580,7744
5662,1857
5583,1311
10198,7310
10335,9940
7483,7384
10798,6961
10539,8264
8483,7581
10349,8017
8671,7141
694,410
218,199
10616,7606
10278,8163
9793,6132
5916,4965
9560,8216
10091,8820
9985,9517
7564,7261
5780,2698
9612,8042
10227,7592
5638,1186
9985,9370
4941,1815
3943,2650
9777,8221
10983,10205
9368,6942
10054,9812
7984,7574
9114,8816
8154,7802
7870,7582
5828,1512
2748,1222
10903,7759
552,355
9749,8333
9595,9364
9962,9501
10185,9948
7818,7242
10299,8001
624,240
4965,1385
9181,6750
7598,6858
10887,6446
8736,7913
9257,9204
5807,5144
8406,6198
10455,8198
9071,6105
9266,9092
2536,1363
10177,9301
9673,6674
5810,3068
7575,7481
945,150
10457,8768
8643,7907
779,126
9306,8903
9674,6823
8743,7248
9222,6469
9181,6496
8935,6431
10588,8717
5647,4161
9605,6528
10459,8483
5864,5861
10893,6880
10310,7124
1521,1159
10474,8087
5539,3556
4986,2235
9923,6197
761,728
9783,9637
10382,8179
4308,2373
9522,8170
2602,1858
5009,4629
9434,8576
7979,6289
8870,6202
5964,1494
8104,7925
562,169
8565,6806
4207,3476
9954,9047
3796,2020
10140,8156
9936,7418
3624,1788
4068,3568
9370,8664
9887,7066
10767,6525
10971,8903
8398,6729
10842,10596
6566,6181
10279,9912
10877,7620
7551,6093
3947,1686
10854,6419
4050,1561
968,752
10975,9515
2889,1531
2012,2001
10591,8258
7680,6060
10852,9574
10801,6987
7849,6827
9389,7725
3801,3387
9313,8979
3470,3432
160,97
5153,1114
10838,6856
9749,8550
9800,8049
3903,1119
7902,7730
333,251
9581,8285
833,386
944,943
3606,3445
9679,8950
2480,1002
711,442
8378,7196
10839,6004
10282,7103
9056,6284
8169,6716
6493,6139
6886,6839
7047,6619
2505,2242
7092,6853
10510,7552
5829,3120
9593,8569
10085,9222
10189,7198
7080,6818
9819,6776
10938,6433
10894,9105
8013,7850
7645,7446
3508,2382
8403,8362
9149,7674
4623,1481
10528,9401
9679,9613
10462,8024
9957,6770
10319,9838
5499,4711
7371,6259
10828,9779
8711,8045
10232,7478
9450,8931
9878,7933
7149,6266
9959,7954
10690,9126
9754,9119
10664,6250
9273,6848
7747,6357
10529,8012
713,300
8915,6260
9449,9401
2517,1475
9451,6791
7703,7519
9905,6421
8768,6733
9893,8470
9335,7391
5824,5540
9002,8059
9044,8418
8544,8088
10466,7454
8704,8468
9443,7044
8235,7372
10753,10482
584,311
9769,6356
4862,2220
291,4
4650,2754
9427,6325
5893,5178
10920,6159
7104,6223
8409,7123
9856,7686
7344,7204
7635,6730
8224,6536
10807,8883
5953,1144
10198,6451
8035,6046
5759,1263
10869,9576
10797,9396
3120,1994
9883,7455
10431,9568
10732,6169
10296,6953
5630,4952
9702,6863
3033,1915
6493,6050
10773,7443
10787,9310
9888,7860
10485,7177
2553,1616
3530,1973
6627,6433
9156,8581
7869,6642
10647,9928
7617,6853
9369,7448
10956,9331
7976,6439
6854,6390
9851,9723
10150,7208
8898,8522
10467,8291
2670,2653
9106,8629
4915,4706
3710,2311
5148,1084
10408,7698
8389,7224
3484,1703
5490,2496
10344,6659
8273,7357
7950,6636
5569,3112
10240,8422
7643,7112
654,575
9273,6870
9795,7110
9817,7622
9298,7633
8031,6188
10461,6891
10390,9359
8281,7787
512,99
3957,3332
8570,6307
6584,6013
10911,10007
5888,1788
10691,10635
6419,6088
9694,9124
9763,7434
10863,9947
9276,6519
3546,1425
5815,1122
9940,9692
9067,7014
3648,2146
7924,6051
7752,7001
5333,4310
10058,6125
8381,6870
9495,7760
623,274
952,153
7487,7197
6752,6290
9178,6022
2001,1085
775,44
8194,6085
4274,3252
7415,6974
4550,1428
7586,6318
7888,6936
8907,8612
8027,7201
8202,7297
10724,9646
9459,8234
4271,1709
10097,8276
10476,6822
170,79
7570,6038
9363,8613
9674,8983
10504,7438
9694,8737
9633,6096
7736,6834
9900,7689
8968,8853
5186,2749
9590,9540
10440,6841
8774,6601
10905,8591
8930,6571
9462,8639
8256,6748
1866,1482
9379,9176
9117,6113
8787,7383
10159,9897
10285,7394
10290,8949
5916,1385
10357,7124
7214,6622
5828,2996
8045,6301
5853,2572
9651,9514
4488,3142
10232,7870
10792,9691
10637,6866
9049,7405
10475,8366
9465,7411
10725,8738
10755,9489
9742,6975
8039,7957
8628,6317
8164,7388
541,176
10839,7600
8795,6443
10225,9698
9326,6539
8047,6551
3837,1276
7848,6484
5640,4659
10313,8173
729,631
10877,7881
533,515
4389,1851
5855,1413
8529,6156
4146,1885
2704,2269
9542,6579
10905,9281
8547,6197
9860,6382
9960,6059
5479,4512
7154,6893
5763,3619
7153,6094
10275,6419
10632,6933
2955,1651
3894,3823
10881,6665
9757,6558
3861,2560
9658,7154
9588,8932
9507,9125
8304,6347
10150,7891
7582,7478
10297,6544
8962,7107
8911,8192
9949,8582
597,382
5058,4061
8797,6704
7962,7419
8479,7821
2542,1363
7952,7604
6740,6121
7480,6634
9655,8282
10080,7328
7633,7271
7861,6878
6471,6166
10166,8290
6143,6076
7148,7140
7668,6903
8676,6294
8173,6307
5583,2156
4823,3666
3999,3111
7767,7299
9538,6697
10209,6616
9923,9696
6869,6162
10017,7505
8683,7804
9335,7022
4056,3795
8063,6637
8136,6269
10038,8730
9599,7410
7121,6773
9233,9082
10758,8739
5782,3973
9164,6336
9526,8389
10091,7283
8654,6893
9834,8747
5264,3923
8909,7390
8774,6036
2340,1718
10021,9974
3534,3352
9230,9171
8678,7151
9139,7671
5214,4808
9051,8962
10876,7910
6211,6156
7953,6042
9939,6286
9637,7477
7566,6594
5907,1545
10191,9252
9113,7313
5618,2202
3499,2764
4454,2112
7111,6628
5002,2127
10770,10482
7849,7252
4114,3276
4923,2239
7753,7060
2791,1256
10491,9979
10036,9972
9866,7799
3432,3158
9439,9017
412,123
9296,8600
4207,3756
7776,7742
9286,6703
8174,7612
10429,10049
10125,9849
9747,7305
9078,6167
7865,6893
4777,4686
6789,6165
9435,7895
4220,1083
10171,9943
8875,7932
8247,7842
7089,6730
135,80
9633,7021
10308,8374
3954,1265
10161,10039
5185,3242
548,326
10783,8165
9267,8140
10922,7671
6555,6151
10666,10268
10745,8107
9226,6165
9623,6926
6364,6230
7269,6864
9984,8787
9539,7668
5641,4684
10669,7888
5425,3666
3650,3549
9784,6428
5574,1984
10938,6627
8182,6750
9177,7969
9819,7140
8488,8233
10332,6125
4280,3023
10287,7037
166,82
5254,2890
9552,9180
10227,9331
1703,1675
1205,1122
9611,7289
8519,8248
10428,8472
9061,9036
9746,9694
8075,6415
7057,6624
41,20
8432,8262
6884,6866
10750,6218
4209,1846
4868,3603
8111,6759
9932,8542
10648,9507
10202,6188
10739,9123
9388,6887
9789,6608
9607,7623
873,784
10330,7489
8809,6827
2443,1491
8978,8278
8123,7262
4597,2753
10993,10193
10084,6061
7439,6215
10202,8892
5515,3704
9540,8564
10934,8701
9845,9306
9538,7972
4684,4244
7278,6376
10910,7837
5170,1749
807,289
9736,9077
785,29
8256,7583
10185,8039
10107,7861
5499,3285
10561,7370
3166,1643
7211,6601
10112,8398
8935,8697
9628,8205
5142,2806
8683,7892
8600,7755
10187,8956
7899,7758
9008,7035
7274,7153
8302,6169
10552,10256
10147,7177
10412,6613
8686,7038
8658,8192
9006,7759
10863,7460
10770,10753
9157,6671
5864,4483
8985,8678
9182,6716
9733,8393
8809,7849
7868,7265
7201,7101
9801,9383
9911,7011
10550,7562
378,8
8542,6325
8894,7646
441,362
5467,4730
645,278
8523,8115
8685,7759
6587,6433
7834,6261
9505,8238
10735,6908
10438,8433
2676,2436
7592,6424
352,3
7841,6272
10716,6397
4540,1943
10325,9913
10877,8307
10900,10834
3388,2299
8804,7638
10718,9772
9786,8009
7955,6158
5333,1002
9015,7623
8264,8167
10983,8503
10520,10094
200,197
190,71
8801,6667
9272,7264
9503,8503
9776,6906
5015,3923
6748,6673
7841,6598
8723,8034
8673,7905
10160,9338
9375,7440
8087,7864
981,751
9465,7318
8561,7406
7215,6254
10186,9375
10125,10062
9543,8826
8164,7917
8198,6525
4860,2924
10630,8495
10318,7010
5848,1160
10971,6875
10681,10123
5332,1023
10804,10156
8847,8080
3938,2593
10794,9340
4190,3462
8048,7580
4923,4100
5379,1083
10846,7998
9199,7001
8955,8492
5825,4060
10325,8908
8886,7464
9640,6940
7002,6548
8560,6850
2523,1783
3654,1363
8240,6190
3064,1742
8940,6843
9916,7175
4631,3607
8558,7181
7799,6941
10790,8708
10087,6070
9184,6578
10700,7772
9056,7128
2732,2729
8570,8173
4686,4186
720,319
9599,8862
8873,8191
8218,7136
9514,6836
7896,6603
8601,7431
4376,2876
9753,7060
5782,4692
10870,9754
10848,7625
3291,1761
9156,7664
7752,6585
8525,6991
4416,3981
7887,6750
5776,4171
9056,7258
8919,7350
10887,6661
8327,7196
5533,3526
8842,8092
10763,8788
9953,7143
7950,7200
5545,1018
3072,1753
9131,8799
5595,2567
8872,7187
10134,8109
10758,6669
10678,8698
6927,6679
7609,6007
10908,10050
10556,8388
7278,6205
9673,7928
9731,8391
10938,10791
4506,3311
10243,6597
10797,6583
10791,6433
10816,9530
10045,7649
8238,7729
7502,7373
9898,7436
5579,5343
879,285
9578,8268
3252,2369
9700,8998
5839,5272
6508,6468
5368,2795
799,143
9449,8004
8994,8268
10640,6607
9939,6511
7141,6739
714,686
10672,7071
8128,6534
3657,2145
7483,6300
9685,7432
10468,8589
9751,8082
7695,6359
10407,8455
9590,8653
4831,3429
9656,7596
7920,7895
8757,8104
640,194
7323,6198
10902,7843
9144,8566
8390,6946
8854,7350
10952,7719
7635,7174
7964,7065
219,185
7916,6689
3738,2204
8470,8237
5780,3239
9891,7798
9766,6710
9470,7546
10613,8410
10339,7473
371,28
10676,9846
8959,7242
4540,2017
7783,6577
8606,7217
10223,6038
8289,6659
10081,8981
5623,4571
8616,7666
6658,6472
7166,6764
10134,9612
10821,6279
5966,2812
8607,7670
9593,6706
7159,7013
965,757
9479,8688
8607,7388
7654,6369
10970,10947
8095,6839
10407,9116
4723,3538
8206,7645
10705,9898
9170,6283
10932,8650
10494,9301
9476,6515
8356,7981
4424,1491
3029,1854
6672,6373
2593,2564
336,18
10816,9868
6876,6313
8486,7981
9631,6939
8836,8011
7680,7536
10302,9060
5753,2096
10926,10535
7446,6905
10044,6662
6950,6137
10848,10240
9778,8536
8541,8235
10447,7395
9367,9322
10203,7045
3508,1574
9790,6744
2318,2001
5749,4365
10226,10101
10264,7773
7420,6019
982,234
9056,7136
10522,7084
8996,6734
7645,6905
10960,7605
9489,9097
5249,1148
9065,8562
3038,2067
10842,8169
10011,8292
10307,10260
479,472
10579,6415
9503,9361
3780,2207
9755,7204
8598,6200
7919,7554
4532,2924
2500,2336
8147,7589
10993,6330
10755,7626
8058,6365
9735,8955
9488,6871
10401,6395
3313,1481
8793,7184
10424,6623
10109,7760
959,489
10997,9951
7614,6277
8188,7951
10556,6550
9924,9095
10929,10784
8775,6050
7964,6624
9909,6698
4509,2093
5184,1715
3653,3495
10642,9379
8891,8777
9533,7492
9636,8088
7760,7351
770,395
8636,7974
9271,6273
7762,7462
10228,9451
9437,7597
8841,6561
5476,5336
2812,1883
9810,7430
4865,2015
8299,6952
10821,10463
8738,8421
10058,8675
1471,1335
8939,8514
9293,8385
5062,3726
10771,7358
8711,6491
10960,9472
3866,2450
4697,4548
10432,7811
638,402
9742,6160
578,572
10006,8541
8673,6724
231,136
8636,6614
4171,2849
10794,8913
8899,7613
432,81
4332,3640
4777,3432
10965,7287
6627,6587
8086,7875
10130,8029
9017,7589
8530,7308
10734,7987
6423,6311
6431,6203
3761,1922
279,66
10515,8073
7077,6891
7493,6054
10040,6195
10693,10297
5539,2415
1268,1042
7384,6300
10803,6191
10392,7952
803,341
10903,10569
471,269
10965,9440
5861,4483
7131,7055
6634,6288
2079,1500
177,87
10836,6977
10756,9370
10963,7481
10447,7898
9213,8099
8774,6047
10334,6031
5313,2914
1729,1215
7343,6983
10355,7138
5007,3466
5360,2421
4575,2220
10746,10635
8205,7160
10847,7612
10081,9047
10017,6969
10133,6561
7859,7177
8980,7615
9419,7663
1187,1082
4795,2704
10232,7582
3371,1028
8752,6871
6879,6295
10941,7957
7206,6424
10192,9513
10941,9948
10061,9014
3710,1564
6913,6488
8361,8320
7974,6614
7231,6801
8256,6673
8637,7357
10347,9466
10870,9119
9284,6571
6970,6578
10572,7743
5107,3402
7432,6623
7968,6644
8021,7475
9208,7483
9396,6583
10880,9256
8199,7273
10689,8271
3304,2337
8284,6082
2114,2062
647,262
2682,1709
8532,8134
6821,6036
10653,7949
7025,6797
5575,2438
9581,9400
10939,10582
10725,8421
9729,7262
744,154
10236,9730
5036,1343
9544,7007
2821,2605
5475,1580
6921,6476
10825,7750
3749,2059
7361,6364
976,601
5206,3821
10442,7312
9488,6455
8775,8335
10428,6961
10143,9621
4941,3331
10309,7278
4992,1836
3618,3485
10872,8778
10028,7980
8341,7394
3982,2699
10018,6200
10745,8668
10539,8167
8187,8159
750,215
8190,6158
11000,7147
10156,9149
4742,3142
10633,8586
7979,6997
8057,6701
10649,9631
7935,6067
8115,7165
9320,8247
8926,8852
3245,2863
4687,1089
5335,1450
10391,10032
9142,8287
8500,7162
10263,8586
3972,1083
10616,9541
10103,6804
5856,5277
10498,6564
8098,6744
10798,10428
10865,10236
7622,6212
10323,6065
10460,9833
10590,10348
526,130
10652,9682
10944,8280
9667,6061
8199,8023
9556,6753
10198,9780
2134,1812
10649,10420
10716,8563
8814,7085
6860,6075
8711,6301
8911,8658
4765,4540
10201,9186
7575,7544
7917,7018
830,204
7806,6902
9987,6684
10637,6944
10441,6209
10984,10919
3511,3296
3058,2906
8889,6174
4795,2269
10063,9269
5544,4159
4670,2931
8412,6799
9958,7532
9575,7195
10867,7635
10221,8295
7454,6447
10134,8245
5241,1377
10722,9057
7634,6770
9896,6497
10382,7403
10373,7606
8453,8260
22,19
1753,1061
10548,8852
10228,6791
10370,9834
5273,2725
4335,3994
10497,8776
10611,6441
10275,8025
9610,7924
8849,7209
5823,5186
5687,4497
8185,7123
4550,1424
7932,6295
3657,2512
10329,10048
9812,7093
9542,6920
10754,9083
7151,6771
5641,4244
10570,8606
3533,2112
10019,7519
8924,7054
10920,9830
10735,7653
9398,8874
5182,2607
10639,6694
501,306
5396,4096
513,310
9286,7818
10174,9372
7517,6112
10804,9149
7410,6645
9120,6224
9632,8268
8162,6629
5268,2328
8913,8150
10428,8139
10066,9888
8020,7377
10319,8455
9194,6404
8431,7909
3816,2382
9609,6472
8555,8244
10337,10327
5490,2340
8830,8668
9292,7090
9052,8704
7001,6585
972,717
4504,4476
561,249
8151,6567
4472,2296
10869,10004
9868,9530
4979,4837
10816,8973
8218,6284
464,86
9045,6842
8517,6937
10965,6303
10707,7982
7127,6947
3209,3121
3532,3268
10028,8762
10747,7344
9351,7049
8172,6749
7664,6899
10490,7748
9988,7313
4323,2031
9536,9153
8692,8677
2906,1490
10717,9185
5249,1432
8973,7314
10798,8472
496,95
8569,6386
8630,7015
10990,9437
4518,4271
11000,10450
4529,2887
9928,8559
8868,8733
10280,6366
10356,7248
10925,6746
8849,6857
4800,2841
996,651
9353,9050
2835,1585
10513,6008
5984,2423
827,535
9600,8744
112,103
9513,9406
10424,7432
4492,2735
10205,8503
10037,7049
1204,1027
4278,2999
9436,6658
6724,6331
4605,2565
5760,3533
4222,1802
10511,8992
9378,8981
6699,6162
6849,6469
8074,7178
7050,6543
9369,6568
9217,8299
5835,3693
10063,9327
10783,10751
8872,7161
2726,2103
8820,6956
723,551
9065,6481
9934,8333
9596,9123
10406,7156
9858,9491
8361,6595
3192,1082
9181,8182
9616,9270
5642,2955
7209,6165
10910,9872
771,695
7096,6129
7965,7178
9663,7658
10335,7894
7788,6894
10529,7778
9456,7953
10411,10110
10280,10203
7005,6793
9598,9117
6660,6369
7824,6428
10168,7627
5727,4616
8433,6404
7399,7281
10448,7342
5922,1429
8355,7324
8607,7018
10406,6347
7498,6769
3968,2240
8307,7881
10015,7456
10288,8862
9079,7678
8682,6193
10071,9556
9833,7896
8624,8099
3704,1337
10450,9575
405,248
9379,8278
4779,3496
6786,6384
9951,9254
3410,2578
2939,2117
10059,8193
8790,7488
5390,2247
10108,7153
6518,6443
10194,7430
4916,2264
8583,6241
10998,8543
7790,7647
10936,10269
3767,2970
8025,6419
8149,7684
7199,6716
3738,3354
7797,7146
2435,2274
10992,9212
9486,6846
9746,9124
10685,7011
4627,3997
5966,1883
9158,6321
8021,7885
8592,6149
10831,6443
2438,1688
8849,6789
5400,3559
8735,7861
8361,6757
331,2
10487,7204
2842,1707
390,206
7384,6916
9366,6832
8763,6534
4547,1027
5647,1511
10062,9849
7518,7399
8132,8069
9696,8547
9720,6796
8956,8009
3593,3546
5963,4782
3780,3313
2941,2015
826,365
5818,3282
9081,8187
491,469
5722,5577
4951,4724
9844,8919
8751,8321
9948,8039
9962,7673
8924,7758
5475,1983
5963,5504
10018,7548
10577,10000
3331,1084
8557,8321
10575,9267
7596,6224
919,453
10728,7325
7391,6064
783,369
7181,6460
8562,6481
5907,3606
10724,6589
8585,6273
8357,6277
3112,2809
8612,7061
2276,1320
10238,7691
10337,9074
721,165
2311,1251
3476,2763
885,525
4280,1536
10338,9047
10358,10346
10879,7843
7821,6696
9185,8933
10185,7957
2118,1666
8834,7113
684,318
7334,6199
9413,8770
3812,1511
10632,9946
946,583
8755,6373
3968,1017
10751,8165
9317,9053
10287,9849
603,327
9137,8326
3463,3183
10876,9543
9505,7729
836,704
3413,2729
5788,3045
9441,6321
9934,9737
7820,7746
10193,7453
9210,8948
6464,6137
10241,8271
570,174
8292,6822
8358,7607
3795,1008
9385,7108
6885,6002
9287,7017
7261,6146
5535,3359
9209,8864
755,119
9602,8770
8345,8204
10495,7871
8592,6462
4791,4412
5200,5185
10460,10024
8787,6067
8296,6242
8154,8080
253,167
10027,6322
10717,7138
256,50
7127,6315
5731,4951
10006,8235
902,467
10871,7818
6944,6866
9948,9714
3816,3508
10876,8826
4274,2369
821,23
5116,3594
6990,6223
9017,7139
10289,8208
5561,3761
9686,6897
8833,7864
9686,7349
2952,1531
8408,6802
10160,9949
9374,6966
9407,8249
9299,8306
8468,7629
957,636
10531,9923
10688,8826
9748,6957
8466,6002
4711,3259
10934,9163
9727,7215
6474,6093
10594,8526
7535,6492
8905,7674
9720,8085
7762,7163
4512,4442
520,149
7210,6418
8865,7228
5792,4255
8979,8033
3163,2752
10689,8583
10515,10105
10089,8232
9437,7294
9468,7968
10689,6241
9055,6515
10692,9639
9466,8011
3528,1008
4186,3158
10159,9151
8115,6195
3692,3336
10896,7448
4996,3607
9393,6849
7634,6395
10718,7038
5142,4878
9520,6448
3398,1263
9102,8480
8645,8461
9591,7425
6857,6165
3530,1511
5051,1916
8656,7964
4617,3565
1492,1475
10287,10125
10202,6692
7390,6337
10973,9743
4326,4020
8562,8504
4548,1073
10250,8563
4585,3835
10863,10472
4878,1856
9430,7496
7863,6612
10195,8253
9248,7152
9207,6975
10564,9882
10169,6527
9741,6752
10231,7153
7564,6146
8506,6055
9053,8854
4574,4376
3746,1372
5689,3167
1521,1408
10141,9762
8809,7252
10364,8408
8443,8215
9529,6768
8760,7028
9281,8591
9975,7733
9704,8168
10064,7135
10735,6986
8962,6906
9554,6967
10510,6650
9866,6941
10537,6052
10637,9010
5249,3038
10744,7898
10079,6190
9010,6884
5108,2607
5393,1629
9801,6653
10644,10640
731,207
3091,1703
10795,9071
10125,7037
8810,8098
3947,3746
7131,6506
7651,7036
10795,7976
9809,6737
10758,9387
10166,9021
466,293
9812,6488
10844,9574
9562,9146
3033,3011
4433,2288
10706,8392
10106,6915
8052,6393
10309,6376
7361,6230
8687,7416
10688,7903
10701,8533
9353,9278
6362,6286
10829,10070
10067,6290
4840,3345
2156,1311
550,349
7318,6229
3239,2698
9041,7701
9459,8569
8605,8213
10990,10978
8504,8474
10485,7859
10232,9653
10512,10160
8599,8451
10596,9182
9573,7801
9624,7266
7841,6691
7079,6282
8908,8778
9000,8128
5099,1482
8916,8726
855,34
9733,6668
5922,5877
10687,9667
791,360
10338,10081
10935,10628
8826,7903
9425,6030
3103,2192
10602,9879
6569,6121
10039,7762
10835,8829
9864,7213
8876,7097
9188,8009
10120,9956
9800,8327
9821,6644
3074,2019
9835,7958
9138,6829
3474,2688
8018,7485
5499,2257
10507,6082
7662,7414
10807,10034
7184,6333
888,347
581,414
9711,7809
7886,7317
10266,7483
10287,10062
10438,9194
10167,9351
789,568
9010,6944
5025,4724
611,76
10390,9974
3851,1466
6464,6318
10124,8450
3633,2637
10288,6638
5289,3511
5782,1812
10847,9252
9911,8385
10315,6150
10071,6753
8024,7436
10471,8319
9783,9514
10078,6190
5683,3661
10004,7631
10005,6128
8226,7438
8619,7895
5387,3166
10811,8757
7898,7380
4421,3091
10554,10333
9365,8463
7194,6612
2459,1195
5907,3445
5765,5653
8710,8149
10719,7174
970,819
10134,8042
9317,7350
6571,6176
3396,2815
8233,6264
9999,9084
10490,9935
9602,9413
4268,1707
6933,6191
6858,6812
9602,7246
4626,2821
2370,2106
9456,6042
10707,6297
10679,10017
840,764
582,440
726,698
8998,7012
6480,6279
6318,6137
5108,4681
9977,7505
554,35
2996,1263
8628,8603
10740,10377
5475,4703
10656,7720
5649,2752
10773,6463
9684,9659
10611,7117
10830,6968
10471,7232
7747,7743
4334,3823
8607,7917
3023,1536
740,325
10149,6844
10536,6117
4906,2213
10896,9369
10757,8783
10875,10696
9474,8187
8497,8454
9886,7279
3131,2762
9568,6980
8903,6875
9229,8873
10974,6981
9416,6615
10891,6786
484,452
7441,6373
10980,6852
5420,2874
9199,6585
10949,6709
10705,7436
4706,1816
9885,7112
7951,6128
8931,6637
2815,1661
9059,6801
9739,8800
8907,7826
10783,10521
4847,3578
10788,7586
9440,7287
2982,2435
9943,6666
10622,7400
10117,9622
8808,8729
10269,7782
8404,6551
8045,7146
10235,8842
6991,6134
10203,6366
9867,9725
9342,8325
5563,2926
8420,7046
507,133
8877,7796
6929,6685
3776,3437
8218,7258
6352,6103
7712,7627
8971,6038
9419,6709
10146,6608
3971,1949
4996,4159
3351,2032
8738,8216
6902,6401
10906,8739
7901,6925
8549,6582
9733,6704
10998,8530
9053,8919
9021,7835
10581,6603
10338,9954
7156,6347
9361,8503
9274,7009
10558,10036
10128,8825
7688,7246
10420,10176
9225,7669
8613,8411
6915,6315
10694,8301
8448,8163
2674,1309
9455,9364
7180,6637
8051,7864
8525,6134
9044,8276
3474,1983
5521,1369
10037,6048
10074,7521
8662,6019
7317,6985
9819,9775
4996,4631
10698,6266
9704,6071
9926,7272
8220,6343
9396,8791
9933,9027
4782,2172
10933,9972
9905,8716
10650,6127
9537,7401
10901,8029
10079,10078
7010,6008
3083,1740
7763,6474
8800,8238
9836,7987
10218,9583
7194,6651
9302,6592
974,445
5325,5238
10799,8703
895,461
10069,7984
9530,7314
9813,9327
9331,7592
4431,1408
9755,9016
10517,9267
10058,8831
10040,8115
9363,9129
10754,9012
9514,7477
7860,7722
5539,4931
10011,8505
10820,9897
8330,7290
6862,6308
10546,7292
9452,9044
8967,6887
9989,8052
10227,6424
5206,3633
10401,9957
7225,6140
8475,6294
2334,1651
7959,6713
10912,6503
5423,2578
10949,7663
9323,6212
4866,3123
9088,7851
9783,7477
10320,6225
10936,7782
7904,7648
10973,9681
9780,9154
7473,6563
7485,7285
9516,6600
7140,7076
9854,9635
9272,7005
8225,7583
7264,6793
4775,1316
5568,3425
8346,6131
4060,3852
2450,1854
8739,6669
10244,6799
7862,6988
626,497
7601,6741
4089,2637
10736,8197
8668,7304
9392,7124
8110,6761
9338,8597
10493,6787
8104,7776
9941,8227
10654,10221
10218,10095
5561,1803
8821,7309
2067,1432
10226,9508
3810,3625
9646,6589
5609,1783
9372,6250
9580,8669
10881,8804
8865,8522
3851,2642
8970,8948
9984,7383
8077,6707
9926,7516
10765,9154
9444,8061
9911,9293
10401,6770
10781,9057
9187,6912
10167,6048
10330,9644
10711,10214
3828,1091
2817,1845
5178,1257
9954,9378
3647,1256
10301,6141
10169,6843
1815,1084
1688,1496
9592,7834
8125,6201
4503,3823
3332,1253
10142,7035
10922,8419
8529,6809
6598,6272
9706,8497
6740,6569
949,213
10077,9750
8628,7833
10612,8119
5109,4852
9286,8959
10483,7308
5962,2239
7307,6215
5379,3719
2412,2328
9552,6492
8790,6161
9812,9259
5152,4842
10693,6544
9017,8147
5974,3738
9941,7516
9103,7674
9476,6690
5572,3342
4922,2258
9116,8455
4037,2047
9612,8109
148,33
10655,7830
2060,1375
5964,1096
9486,8113
1579,1107
8594,7689
10603,8615
9445,8143
8107,7304
3962,3334
8990,8988
9731,7200
4841,4492
8270,7475
10101,8859
2706,2607
8298,7835
9473,9388
6633,6554
10671,9935
8902,6356
4810,1491
7885,7475
7525,6953
4865,2941
10654,7619
9385,6597
10272,8074
10603,10523
7347,7219
10351,10120
10716,10250
935,12
5852,1369
796,364
9129,7033
7709,6353
7359,6162
10700,6367
10641,7715
10172,6223
9720,6745
9802,8831
10533,10336
10487,7344
7125,6244
10937,8085
9876,6267
7792,7399
9858,8228
2326,1660
8703,7339
9701,8432
7796,6801
10442,7043
9312,8063
9407,6579
8090,7158
4831,4633
9808,7470
10813,8388
3916,3744
10186,9980
9741,6290
9973,7703
4114,2849
5710,1042
5642,1651
10559,8553
6631,6408
8652,7413
8453,7909
10852,10844
4952,2290
4342,3594
7274,6094
8387,6254
9702,8092
10896,9649
7190,7151
5288,1935
9025,8180
3837,2668
5774,4922
10819,9916
890,610
9299,8762
9196,8953
10443,6080
3130,1783
3804,2335
4053,1797
10257,9263
4266,2789
6661,6446
9270,8695
5650,5153
9053,7350
7132,6448
9867,9390
3256,1276
10127,7371
6762,6758
8307,7620
3247,3076
7696,6809
9145,7538
10687,6061
5579,4730
105,62
4755,3332
10862,8425
7542,7166
10775,7426
10165,7408
9799,6782
10806,7878
971,816
9137,6289
7515,6303
10106,6947
10188,6425
10602,7643
9580,8649
10085,9393
9132,7383
1961,1576
994,54
10460,6603
10988,8922
8810,6361
8613,7033
10524,9876
10808,7276
7814,7095
10299,8553
10813,6550
10308,6543
10598,7012
10229,6971
10961,7219
4105,2567
8225,6673
5451,4323
4742,4150
9683,6102
9725,7086
969,518
10414,10341
9180,6492
10007,6654
8907,7061
10224,6045
8943,8091
10719,6730
9562,7812
7869,7176
5238,3994
7795,6186
9609,6658
9089,8903
7396,6954
8315,6977
8110,6798
10447,7380
10597,9451
10270,8261
10224,8632
10545,8990
8871,6189
6773,6679
9094,8856
10845,8496
6971,6819
10648,9134
10608,9042
8766,7117
8701,7627
8609,7188
7195,6889
5302,2710
4058,3693
7330,6861
8523,7165
10127,6259
9637,9514
10639,6089
9318,7116
9302,6632
962,457
10761,6680
7956,6870
8992,6872
10297,7652
8227,7516
9381,7650
5925,2169
8598,7548
9287,6883
10924,10650
3462,2957
10997,10443
7216,6190
9583,9457
7617,7092
5966,5858
3484,2797
9339,8856
4959,3954
9768,9517
9611,7741
8326,7979
10779,9998
3252,2253
9779,8606
8038,6674
7589,7139
9998,8555
5835,1646
7589,6274
9576,9197
498,210
9258,6761
6418,6309
9942,7932
934,351
903,846
3578,3565
8092,6863
7993,6167
9410,9315
10595,8637
8743,8490
9659,8578
2500,1233
5891,5195
9208,7384
3206,2325
9756,9032
3345,1672
10810,9236
8960,6758
3709,2646
6977,6659
10078,8240
4673,4282
5579,1584
10103,6691
5815,1205
10592,9520
4537,2632
10532,7495
9724,7985
8572,6851
5933,4840
10431,6980
10367,6051
10672,8468
10854,6088
8057,6042
9016,7344
5794,3590
9815,7265
4817,2583
3111,1509
10865,6085
9736,6782
5792,4496
3801,1970
5879,5299
10651,10307
7880,7496
8791,6583
3620,3167
495,227
10387,7296
5898,5143
10828,9705
8946,6249
10214,9938
948,804
4777,3158
3004,1523
8940,6527
7029,6934
8999,6810
8946,6319
9885,7643
10732,7240
10210,6148
9900,8594
2516,2414
5457,1554
847,24
9526,7224
8959,7818
9768,9370
9808,8560
9258,8110
11000,7195
10226,8859
3730,2331
10790,10489
4761,3599
868,102
7863,7194
4684,3777
7605,6921
10476,10011
10374,7600
8704,7071
5004,1343
8095,6122
3676,1935
10267,6544
10719,7635
5148,1815
9180,6184
4805,3796
9789,6615
10167,10037
1961,1207
5654,5562
4511,3351
10456,7873
10206,9494
10588,9764
9804,9715
10937,9970
10495,7282
5988,1108
9971,8300
10387,8608
4278,3555
8343,8155
8919,8854
4692,1812
3064,2503
9972,9624
8183,7435
10912,7238
4711,2257
5898,4807
7757,6970
5941,3410
5116,4342
4497,4398
5858,2812
9147,8066
10680,7650
9809,8495
8007,7273
9431,8899
688,448
4896,3410
10043,9124
10531,8547
10402,6281
4222,1272
10309,6205
10415,9102
9673,8038
10371,6545
8102,7693
9561,7097
7756,7398
10103,6272
7958,7340
8194,6833
7389,6664
10548,8926
10946,6449
10143,6408
5495,4817
10459,7581
9439,7139
10892,6314
10313,6307
10957,6740
3943,1991
8625,7467
9544,8761
4110,2920
5106,3494
9471,7214
4220,3719
7583,6748
8305,7125
10581,10024
4810,4696
4703,3474
9253,7800
8476,7744
10700,6618
9984,6067
5823,2123
9210,9195
10827,10306
637,101
864,862
2725,2606
3327,1027
2747,2243
8654,7154
8911,7408
10572,10045
7186,6825
10638,6719
2059,2018
1494,1096
6743,6199
6227,6050
9468,6644
3963,1994
4768,1857
2082,1729
7211,6036
5443,3659
3647,2791
10659,6073
9939,6362
10621,6387
10212,8061
1432,1148
741,733
8758,8087
10740,7067
9897,9087
8690,7672
9951,7523
9539,6922
8749,7748
10562,10015
671,531
4468,2132
2149,1536
4848,2454
9880,9337
229,171
7969,6628
10180,8346
5374,3784
990,700
7872,6260
4503,4334
8338,7287
9391,7309
5898,2989
8345,8297
9658,8654
7792,7518
8947,7261
10596,8169
9743,8500
9337,6086
10482,9999
3084,1152
9093,8754
10108,7274
4406,4361
4755,3957
7008,6017
10024,9833
4537,3822
7139,6274
7888,6540
2547,2370
10377,7966
10302,6966
3273,1293
9069,6015
10778,9851
10715,6192
3355,2505
10089,9890
7072,6869
7288,7013
8755,7441
9038,6205
7906,6890
8612,7826
9765,8151
2574,1649
10607,6500
8845,7573
5933,3345
4095,1961
9502,8733
9382,8258
4790,4058
10286,9589
5325,4419
6684,6344
4161,3812
8901,6853
10868,6841
9029,8239
1686,1372
4189,3373
10410,9084
5182,1193
4915,4295
8862,6645
9728,6389
9790,8810
7462,7163
10222,7770
8869,7329
9990,9807
10759,6103
4159,2434
8830,8107
4965,2103
7702,6382
372,258
7128,6284
490,235
8422,7625
6803,6660
10798,8139
8877,6801
8629,6207
10597,7615
9294,8145
8833,8087
9799,9077
8243,7999
6481,6255
10243,9385
10744,7395
1173,1019
8315,6659
10583,7821
3998,1483
9974,9359
4772,1935
10474,7864
8960,6762
7488,6751
10528,9218
8553,8001
8565,8395
6755,6680
9637,6836
7042,6404
10804,9103
3228,2650
8346,6196
3603,1186
9991,8938
8953,6391
10024,6603
3709,1616
1846,1134
4817,3466
5648,1438
8113,7566
8450,7203
7602,7423
10432,9170
9549,8823
7385,6723
8411,7033
10872,9913
8014,7705
4073,2477
3606,1545
10037,9351
10787,10626
7150,6758
8472,6183
9165,8527
8653,7095
2841,2542
10143,7855
5615,2500
10422,9068
2252,2163
10983,9503
9899,7559
7518,7281
660,435
9844,7350
9076,7899
8901,7617
9432,8403
10160,8582
10092,6356
8801,7396
9700,7012
5659,5510
5048,1797
9234,7763
10388,8679
8979,6045
9130,6879
4371,1866
4561,4439
9226,8849
3997,2296
9059,7796
9132,8787
10376,10132
2699,2663
6899,6389
10745,8830
7844,6526
8102,7096
10772,10064
5640,4661
9610,8281
7434,6002
2642,1466
9631,7558
7146,6491
7842,7472
7172,6345
9512,8658
2436,2146
5909,5183
10255,8166
8603,6317
7057,6232
8018,7285
10581,10460
10582,8764
10767,9498
7483,6916
10516,8297
108,38
5731,4724
7546,6467
8037,6112
6629,6293
9566,7278
4790,1646
2017,1943
8676,6438
8857,6769
10443,9254
8579,6517
10296,9729
6701,6042
8774,6821
4548,3404
10798,6183
4373,2084
10675,6127
10367,7787
10436,6076
5746,3085
3470,3158
9179,6555
10940,9160
7892,6398
9261,8442
5182,2706
3972,3719
7065,6624
5831,4755
9424,8107
10618,6838
7849,6513
682,113
9810,7750
10526,8497
3790,1205
9206,7116
3701,1472
303,288
9989,6393
8746,8556
3365,3311
10718,9240
6705,6640
9386,7527
7176,6642
8697,6203
7961,6818
9147,8651
9327,8961
9352,8633
5500,5192
9498,6525
8269,7727
8960,7150
9575,7147
10938,6587
3744,1452
10997,7523
9695,8639
7777,6073
9777,9355
4207,2763
4810,2443
10928,6290
7268,6855
9857,6263
9781,6654
7061,6014
9239,7282
516,91
10296,7525
10598,6379
574,110
9555,6669
5527,2079
10519,6413
9234,6093
10105,8073
2012,1085
9703,7983
6918,6599
3947,1372
10501,10489
2403,1570
10835,8922
321,237
10627,6911
10465,7396
8815,6938
7667,6925
9466,8836
7369,7115
8929,6935
7315,6106
9156,6899
7334,6743
4878,2806
3943,3228
9024,8409
543,181
483,450
5899,2771
10985,9113
10197,6585
8529,6154
10008,9731
7669,7334
8716,6421
4268,3669
9195,7528
5852,5521
9922,9361
10685,9293
5869,4436
9823,7417
5268,3358
7448,6568
7555,7387
9498,8198
8543,7308
10622,6108
2423,1316
8418,8276
9618,7186
9159,6695
10198,9154
10207,7834
8478,7889
10320,6573
5641,5121
10669,6936
10925,10233
7706,6160
8724,6759
9904,7235
8240,7216
8562,8474
9542,9407
9288,8993
10791,6587
8898,7228
9456,8057
8284,6559
1370,1292
10329,9285
5909,3861
8998,6379
9033,6069
10388,9011
8934,8594
8078,7891
10878,8457
7367,6250
9490,8377
812,524
3136,1643
9635,9241
5420,1456
10159,9087
9496,9237
7120,6487
662,260
7969,6458
4597,2780
8874,7579
7765,6588
5173,1257
9923,6552
5562,3147
9499,7966
7786,6324
8484,6302
3935,3908
2781,2456
5751,4079
8324,8131
8168,6071
7552,6650
5545,2239
10428,6183
643,172
10347,6931
2815,1439
10132,7714
3413,1357
10450,7147
10689,10241
5141,3392
10635,8706
356,228
2276,1998
9254,6080
1733,1450
5744,2596
6784,6265
9194,8433
8901,6109
8486,8135
7227,6943
9419,9349
7759,6240
10367,8281
3999,2781
9905,8081
9647,8988
7450,6103
10350,8690
8179,7403
8325,6225
346,56
8223,6811
4373,4291
6770,6395
10188,10113
10019,9973
9594,6501
10961,7347
9580,8476
3915,3804
8941,8382
5426,3458
2156,1292
2286,1851
7457,6917
3465,3011
8474,6481
5783,2611
10255,7492
10036,7266
5776,3276
893,283
4696,4424
4686,3432
9318,9206
5145,1233
9868,7314
5184,4805
3916,3503
8297,8204
9231,7848
10388,10083
9415,8283
9669,8519
10128,9217
10245,7284
5967,3698
7686,7083
9585,7401
678,677
10876,10688
9867,7086
9928,7341
849,780
930,709
408,180
10106,7127
8601,6010
10233,7382
8463,8019
4852,2710
8357,7614
8574,6302
9746,8737
10589,6187
9271,8585
10109,7351
2205,1578
10197,6483
10008,6636
4907,2993
4627,2296
10982,10881
10811,7776
5349,3506
9662,8507
10825,10194
4547,3658
652,236
8867,8393
10847,7963
529,446
10711,9938
7680,6028
9589,6477
5049,1890
9538,7971
3675,2927
899,389
8892,6692
10751,10521
9578,6456
10607,9997
4441,4079
10788,6464
9972,7266
8533,7291
9566,6205
2133,1402
7164,6161
3710,1438
8772,7599
10626,9310
5641,4657
7258,7128
8815,6495
9312,8931
4439,1701
8225,6329
6409,6383
4190,2957
6997,6289
10284,7386
9554,7106
9473,6887
7754,6860
3268,1135
10281,8355
8718,7096
9386,7020
10334,6032
10898,8655
9397,6574
6748,6329
10913,10427
6940,6079
9103,8905
317,106
5575,1688
9391,7479
4465,3515
8759,8518
7902,7665
9270,7993
7991,6498
8240,7192
10820,9151
10896,10541
5544,4631
10092,6678
635,92
8277,6224
10959,8267
8085,6796
10089,6858
9111,7299
10928,9741
9338,8582
8082,7134
9379,8978
8020,6449
10832,7225
2565,2201
7386,6132
8535,7330
10568,6928
10345,10212
9018,6029
802,216
10813,10556
9981,9827
8586,7526
10106,6531
4931,3556
10755,7954
46,37
9604,6652
10404,7913
3816,1574
3355,2242
8653,7814
8656,6624
10334,9873
8580,8011
8474,6255
872,559
9088,7020
10497,9899
8862,6638
5544,4996
732,622
7525,7262
10928,8201
9562,8443
5641,3777
7564,6964
10869,10473
871,358
7532,7464
8928,8486
10949,9349
8801,8515
9615,9532
10609,6641
2512,1142
2496,1718
10445,6322
3072,1188
10180,6196
10821,6480
3658,3327
4816,1215
8368,7693
391,152
10107,6878
6704,6668
7881,7620
8933,6873
9628,7160
7189,6007
8904,7914
10001,9568
9146,8443
10382,9268
10612,9485
692,308
5795,2698
10099,8061
9520,7132
4943,1701
10828,7217
8244,6466
8245,8109
776,602
8137,6587
9287,7172
2503,1742
4130,2591
3462,2932
7908,6434
9388,8967
7009,6959
734,187
10836,10344
10574,7770
2683,1555
9097,7954
125,115
10383,7922
9775,7148
5741,5349
9655,7647
5097,3118
9771,9722
5467,1584
8179,6842
9194,7042
9281,8384
10180,6131
8866,6404
8291,6360
8824,8427
10558,9624
9177,7111
8583,8271
9776,9051
8617,8116
9135,9027
9775,6776
10417,6559
967,284
7758,7054
9752,8005
6980,6855
9283,7801
4768,4479
10045,7747
10592,7934
5234,4600
5488,4842
7798,6655
10691,8706
10509,9748
10818,9707
5961,2176
5530,3800
5953,5329
9494,7245
4681,1193
10167,7049
10997,6080
1576,1207
7261,6964
9714,7957
10833,6634
7474,6127
745,560
10111,6266
5791,3554
5291,3726
983,706
8087,8051
6632,6592
9821,9468
7062,6380
10331,8367
8881,6113
2797,1675
9131,8482
8912,6340
5142,1856
10113,6425
10463,6279
8219,7697
7146,6301
8722,7927
9727,8387
436,142
7432,7044
9695,9462
8287,6560
10482,10410
10081,9378
655,604
8516,7253
3179,1442
9238,8301
9281,6291
4289,1761
9897,9151
9633,8352
9137,7979
7775,6489
10182,6444
9326,9294
9289,7748
10913,8008
10205,9361
8578,6152
3091,2797
6833,6085
5527,3137
9404,8798
5143,2989
5678,2729
7935,7383
522,392
6211,6154
9159,7682
769,214
10867,7089
9676,8705
10819,7175
878,853
10342,7030
8649,7744
10658,9960
10519,10363
7351,7078
521,486
7691,7142
10283,9040
10688,7910
9730,8194
8037,7517
9452,8276
9185,7138
4749,4003
788,458
175,109
9114,7722
10042,8261
5170,4302
10063,9813
5619,1551
9286,7242
3999,1509
940,608
8231,7868
829,370
7073,6823
8618,6749
8948,7528
7669,6199
10773,7039
3534,1328
7383,6067
7065,7057
9946,6933
4657,3777
10990,7597
10394,10120
10426,10339
3038,1148
1091,1009
8241,6900
7634,7236
10517,8140
10717,10355
8271,6241
10960,6476
9800,8378
10385,8430
10153,7007
10948,9476
8682,8434
10595,8273
9201,7358
10370,9823
7708,6635
9884,8395
805,373
5828,5759
5608,1269
8554,7418
9728,6899
10616,10373
8558,6460
10740,9499
4803,2853
10193,8189
10988,8829
10473,7631
9789,9416
9071,6439
5741,5318
9765,6567
10696,6100
5423,4896
10127,8572
5048,4053
5718,4308
5786,1134
3091,1675
9424,7304
2955,2334
4793,2908
4800,1363
10969,9463
3371,1716
10007,9409
9781,9409
1438,1251
10506,6364
217,182
10353,6040
5962,5545
5879,4989
10079,8240
10501,8708
10723,6600
5476,5141
8685,6240
7443,7039
10046,8853
212,73
665,567
9769,8902
7784,7159
10610,8897
9450,6637
8818,7119
9457,8643
9883,8813
10933,9624
5240,3402
10687,10084
8166,7492
2841,1363
10092,8902
10370,8747
9661,9220
7537,7152
7654,6660
5648,2311
9674,7073
10765,10198
9935,8749
10614,8469
7077,6783
9765,8367
7843,7374
10561,8912
2886,1555
3929,2997
8281,7924
5425,4823
9380,8333
10823,6907
5803,2325
10983,9922
2326,1123
4431,1521
10723,9516
10028,7508
9669,8248
10911,9781
10008,7200
3692,2132
5638,4868
8966,7559
5195,4749
5941,2578
6196,6131
3515,1222
8700,8381
9663,6370
10654,8295
9058,8496
10630,6737
6744,6361
10318,6008
8484,6633
10818,6412
4616,3137
8078,7208
9210,7528
10191,8174
6043,6018
9896,9608
4550,4396
8075,6721
104,16
7441,6672
7434,6885
5741,3506
9854,9241
9670,7691
7522,6735
10741,8142
10794,8150
9302,8972
10686,8283
939,778
428,322
8950,8040
5662,4768
9247,6088
8113,6846
2318,1085
3744,3503
9593,6386
10842,7199
10563,7420
10394,9956
10394,10351
10549,6510
10964,10319
4941,1084
9621,6631
6933,6210
10345,8061
8939,7225
10213,9214
10709,7939
10911,9409
2771,1772
4923,1018
7052,6100
9763,8466
7470,6850
5615,1233
4056,3528
10169,6929
9823,8747
8326,6289
767,433
4106,1916
2701,1372
9947,7460
9890,8232
679,59
6938,6016
8822,6508
8352,7021
991,443
10872,10325
9060,6966
10288,7410
9888,9114
10592,6448
10765,9780
10815,10214
9639,9366
9773,9574
9299,7980
10633,7526
5385,4376
8330,6202
9277,8127
3872,1845
10483,9155
10820,9087
5330,4979
5746,4485
6895,6639
10431,6855
7621,6967
9131,6365
10410,9999
10967,7501
2528,1165
7370,6340
4100,1018
10197,9199
2841,2536
7971,6697
10957,6121
4274,2253
9472,7605
9943,6553
10320,8325
10293,6454
9249,6813
639,463
8029,6648
5678,2732
9529,7624
10258,7318
9987,6344
9149,9103
8700,6870
6647,6576
10046,6217
10702,10648
294,94
8890,7170
8206,6135
10080,6609
10306,7799
3805,1085
10541,7448
9064,8407
10420,6939
9425,7467
8102,6129
9477,9039
9045,7403
10374,6004
10022,6684
10177,9426
2350,1227
7252,6827
8563,6397
7262,6953
10928,6752
2517,2271
4943,4439
5605,3943
5431,1255
9482,6053
4413,4373
4421,3484
9571,7446
334,5
9428,8590
9237,7603
10641,9717
8330,7567
10244,8412
10934,10168
8896,7332
8368,8102
10890,9786
9706,8454
8213,7610
10937,6745
9142,6560
10474,8758
8391,7950
2475,1508
10970,9874
9888,7722
4058,1646
3336,2132
5567,2650
10128,8299
10184,6008
8630,8183
5382,4824
10779,8244
2067,1148
8928,7981
8831,6125
3259,2257
10658,6059
5574,1338
5423,3410
10438,7042
4438,3074
3304,1676
7172,7017
9739,7729
8394,6182
3521,1432
6878,6062
7963,7612
8032,7066
9811,9161
10084,9792
911,528
6809,6211
5689,3620
259,223
10337,8641
7549,6583
3812,3530
4955,2220
2103,1385
8033,6045
8915,7872
10422,8129
8914,7339
8055,6069
10241,6241
7828,6504
10174,7367
5302,4852
10774,7654
4012,2360
7116,6175
7323,6341
909,858
8746,7193
10095,8643
9822,9572
9951,6080
9913,8908
2119,1412
8656,6232
8917,6700
8554,8397
7623,6646
1169,1168
10513,7010
7192,6190
9982,9476
10825,7430
8446,6403
8689,7283
10619,8387
9767,7567
10738,8821
4668,1749
6531,6315
345,129
9367,7021
10260,10051
8290,7835
4681,2607
312,267
3999,2456
9717,7715
9716,6928
6685,6527
10906,10758
5972,5667
9376,6257
9559,9183
6642,6304
795,401
6864,6220
9722,9619
10040,8523
10246,9462
10356,8743
7989,6511
9250,6974
9023,6175
3874,1718
9206,6175
10634,6945
9435,6760
9380,8550
10940,6398
10221,7619
5786,1846
8735,6062
3505,1650
10208,8890
10579,8075
9238,8079
7943,7821
4902,2718
9350,7068
4616,2079
10999,7765
876,809
3071,2320
9605,7275
10574,8360
8761,7007
9368,7476
10705,8024
8983,6823
7574,6335
9262,7669
6708,6661
8404,8047
9820,7492
8855,7517
10269,6784
2337,1676
8072,6181
10101,9508
3164,2083
7480,6288
10031,8796
9163,7712
4949,2247
9092,8748
5234,3847
10236,8194
5031,2772
7779,7413
10954,6536
9880,6086
8863,8364
4413,4345
9150,6456
10457,6733
716,196
9451,8980
2369,2253
9244,8949
8964,8261
10331,9765
8504,6481
9155,8543
297,178
10583,8479
2272,1092
8217,6166
10948,6690
5152,1549
10973,7162
9672,8661
4161,1511
10557,10035
10207,7823
3111,2781
9216,7944
8157,7414
10869,7631
880,782
955,367
5446,5137
9443,6623
5569,2809
6673,6329
10172,7104
8836,8580
9575,6889
8426,8161
8064,6087
10502,9842
2701,1686
9607,6406
10765,6451
8945,8089
5263,2286
9043,7047
10822,9524
5118,4626
9512,8911
10367,7924
7547,6312
8689,6956
10719,7089
10679,9977
5330,4837
10878,8230
10538,7673
9739,8238
10812,7543
10097,8418
7049,6048
9730,6085
9935,7748
7514,7014
10472,7460
922,910
10461,9955
9573,9283
7135,7088
8562,6255
10241,8583
10678,8310
987,859
7567,6202
2154,1407
9473,8967
10085,6849
10208,6807
3396,1473
3556,1503
9643,7550
8855,8037
5362,5009
9560,8421
10321,9421
9685,7044
5488,5152
9467,9153
8386,7667
10344,8289
9225,6199
8147,7139
5922,5719
10099,9444
3088,1292
8887,8827
10296,7262
5539,1503
9185,6873
10434,6084
950,577
10836,8289
10648,9125
10525,8142
4677,1235
9864,7771
9780,7310
10850,7756
9653,7478
8656,7057
7895,6760
10529,6349
933,368
7211,6047
9794,9692
10963,7575
941,685
8514,7225
8812,7672
9539,6903
10873,10143
4421,2797
3874,2496
10518,7796
9957,6395
4284,3269
8083,7713
8822,6468
10508,8768
1909,1092
8665,6164
10223,8971
10601,6976
9337,6700
10581,7896
7653,6908
10649,10176
2102,1778
8137,6433
10842,9182
3481,2076
6690,6515
8539,7825
689,26
3465,3033
8891,6581
5098,4284
8832,8331
3357,1187
9037,7143
7797,6301
411,36
8673,6331
10146,9309
10875,6100
9340,8150
9675,8013
9278,9050
9764,8717
8368,7096
10263,7526
8296,7791
4868,1186
5302,5109
8023,7273
2726,1385
5170,4668
8847,8154
3247,1096
7210,6309
7870,7478
454,337
5113,3495
8814,7119
9240,7038
9474,9081
3480,2976
7503,6383
9856,7083
5490,3874
7906,7839
7800,7267
5636,2941
10318,10184
9464,8493
9692,7894
5515,1337
10107,8735
6785,6012
8374,7050
7932,6879
1983,1580
7170,6807
6596,6297
10046,8968
3812,1973
10973,7637
649,380
9616,6167
10817,8205
8584,8125
9790,8098
8799,8482
5463,4576
9046,7846
9671,6048
7925,7742
4244,3777
10729,6141
4424,2443
7675,6536
10500,10339
8986,8431
10539,9243
9651,7477
10572,7747
10244,8667
7625,7366
3081,3051
3084,1672
10752,8473
8784,8740
850,315
9227,8097
4765,1943
9497,6003
6779,6407
9946,6210
9465,6229
7845,6654
10384,7829
8947,6146
10903,6240
6929,6843
5640,1462
5427,3458
569,564
5577,2093
9059,7231
4501,2114
10598,9700
7823,6261
2952,2889
9949,9338
9607,6646
10763,9308
9313,6045
381,313
8923,7300
10992,8509
9226,7209
9607,9015
4843,2753
10187,9188
8836,6931
8328,7413
8625,6030
10856,10634
6692,6188
10443,7523
10805,8324
10861,7297
10192,9406
8217,6471
4765,2017
9671,7049
9226,6789
10629,6838
9949,8597
7635,7089
10774,6369
3411,3385
10527,6446
2688,1983
10491,7404
8914,8703
10156,7674
3375,1711
594,385
5916,2726
4768,2402
10628,9715
5848,2408
10779,8555
9372,7367
9858,9758
10664,7367
10684,8066
4703,1983
9393,9222
5022,2328
9196,6391
9571,6905
5899,1772
4703,1580
5058,4910
90,63
3594,2489
9163,7627
9649,9369
10028,9299
9633,9322
8258,6930
8523,6195
870,403
4268,2842
3780,1481
8277,7596
3357,1082
3599,1407
8359,7998
5098,3269
5831,1253
8393,6704
1700,1650
6392,6218
10577,6509
10347,8580
8331,6233
4623,3313
10755,9959
8139,6183
8652,8328
4373,4345
8339,7820
10875,7052
9501,7673
7505,6969
9844,9317
9188,8956
9571,7645
9993,7259
544,530
8034,7083
8820,8689
5527,1500
3653,2262
8076,7621
10432,6283
9176,8978
9792,6061
10119,6918
9259,7093
912,675
9388,8379
10372,9402
9177,7239
5144,4548
2438,1496
7326,7160
10111,7149
10151,10055
7092,6109
10426,7473
9128,7967
10578,8825
10083,9011
9131,8058
9902,6053
9741,8201
7960,7312
8301,7921
4147,1402
7707,6130
6060,6028
10917,6015
5303,3424
8671,6739
10258,6229
10938,8137
10022,8906
10082,8755
10255,9533
8855,6112
10732,8302
9704,6735
10762,6432
8797,6668
2547,2106
9910,7387
5984,4775
9218,8004
722,712
4413,4291
3693,1646
7551,6474
9754,7569
9230,6495
10687,9792
9066,7923
9472,6921
8775,6493
8103,6590
10927,9478
9696,6197
989,118
7964,6232
8940,6685
8753,6057
8462,8013
9159,7032
10871,7242
10799,7339
10023,8339
10978,9437
8513,6068
10691,8096
9576,7631
10531,6552
10050,7456
5933,3084
8072,6237
4472,3997
3313,2207
10967,10530
10286,6477
5823,2749
5700,3555
693,542
7726,7571
565,480
9225,6743
9029,8469
3973,2134
4847,1163
10592,7132
10574,10222
9495,7351
4662,1384
5467,5343
7693,7096
9681,7162
10108,6094
8775,6227
9349,6709
10238,7471
9890,7598
9393,6469
6683,6269
7747,7649
7824,7563
9875,7476
5736,4441
10906,9387
3515,2748
8680,8110
5118,2821
9613,8040
10140,6171
9317,8919
9900,8934
5535,4808
7535,6184
6825,6461
4035,2454
10642,8278
9439,7589
2996,1512
7176,6304
3838,1157
9885,9879
5858,1883
6666,6553
9184,6970
10774,6803
9954,8981
7586,6950
9566,6376
9870,7165
735,244
2318,2012
7541,6794
10632,6191
10218,8643
10278,8448
7811,6283
5962,4923
8439,8294
9120,7596
10271,9346
8709,7489
10621,6435
3648,2676
5544,2434
420,30
5318,3506
9982,6515
8917,6086
7926,7130
10218,7907
8678,7190
10483,8543
5890,1629
9681,7637
9248,7537
4943,4561
9106,6207
9647,8990
5272,3275
338,246
792,465
7815,7137
10043,9746
10669,6540
5121,4244
10854,9247
10956,10227
502,379
9555,8739
10407,10319
681,571
8367,6567
10706,9334
10011,6822
8581,6389
8574,8026
201,68
10246,9695
8826,7910
8045,7797
8718,6129
10633,10263
7117,6441
7973,6871
7238,6503
9992,8928
8201,6752
10521,8165
9081,8159
2908,1108
4496,4255
9259,6488
2927,1498
8434,7794
10717,8933
658,418
5678,1357
7897,7497
9296,7755
9258,6798
6927,6773
7664,6389
5185,4486
10377,9499
3076,1494
537,128
10280,7045
2982,2274
9879,7643
8395,6806
8058,7642
5662,2402
10850,7398
3521,2067
7920,6760
10765,7310
9767,8870
10078,7192
4723,4020
9055,6690
6915,6531
8367,7915
7522,6071
7239,7111
7312,7043
198,127
547,209
8320,6595
4661,1462
10073,7360
10988,10835
8367,8151
10509,8864
9282,7570
2931,1334
2615,1269
5583,1292
6511,6286
9794,7894
10699,7259
10456,7529
10474,8051
9432,8362
9160,7892
7290,6202
9268,9045
9047,8981
10608,7618
9122,8963
10513,10318
10565,8286
9252,7612
5325,3994
10597,6791
5214,3359
3495,2262
9533,8166
10382,6842
9779,7217
4050,2275
